Title,Date
The Office (U.S.): Season 9: Roy's Wedding,5/7/23
The Office (U.S.): Season 9: New Guys,5/7/23
The Office (U.S.): Season 8: Free Family Portrait Studio,5/7/23
The Office (U.S.): Season 8: Turf War,5/7/23
The Office (U.S.): Season 8: Fundraiser,5/5/23
The Office (U.S.): Season 8: Angry Andy,5/5/23
The Office (U.S.): Season 8: Welcome Party,5/4/23
The Office (U.S.): Season 8: Get the Girl,5/3/23
The Office (U.S.): Season 8: Last Day in Florida,5/3/23
The Office (U.S.): Season 8: Test the Store,5/3/23
The Office (U.S.): Season 8: After Hours,5/3/23
The Office (U.S.): Season 8: Tallahassee,5/3/23
The Office (U.S.): Season 8: Special Project,5/2/23
The Office (U.S.): Season 8: Jury Duty,5/2/23
Baby Driver,4/30/23
The Office (U.S.): Season 8: Pool Party,4/25/23
The Office (U.S.): Season 8: Trivia,4/25/23
The Office (U.S.): Season 8: Christmas Wishes,4/25/23
The Office (U.S.): Season 8: Mrs. California,4/25/23
The Office (U.S.): Season 8: Gettysburg,4/25/23
Operation: Nation,4/23/23
The Office (U.S.): Season 8: Pam's Replacement,4/23/23
The Office (U.S.): Season 8: Doomsday,4/23/23
The Office (U.S.): Season 8: Spooked,4/23/23
The Office (U.S.): Season 8: Garden Party,4/23/23
The Office (U.S.): Season 8: Lotto,4/22/23
The Office (U.S.): Season 8: The Incentive,4/22/23
The Office (U.S.): Season 8: The List,4/22/23
The Office (U.S.): Season 7: Search Committee: Part 2,4/22/23
The Office (U.S.): Season 7: Search Committee: Part 1,4/22/23
"The Office (U.S.): Season 7: Dwight K. Schrute, (Acting) Manager",4/22/23
The Office (U.S.): Season 7: The Inner Circle,4/21/23
"The Office (U.S.): Season 7: Goodbye, Michael",4/21/23
The Office (U.S.): Season 7: Michael's Last Dundies,4/21/23
The Office (U.S.): Season 7: Training Day,4/21/23
The Office (U.S.): Season 7: Garage Sale,4/21/23
The Office (U.S.): Season 7: Todd Packer,4/21/23
Love Never Lies: Poland: Time to Face the Truth,4/15/23
The Office (U.S.): Season 7: Threat Level Midnight,4/11/23
The Office (U.S.): Season 7: PDA,4/11/23
The Office (U.S.): Season 7: The Search,4/11/23
The Office (U.S.): Season 7: The Seminar,4/11/23
The Office (U.S.): Season 7: Ultimatum,4/10/23
The Office (U.S.): Season 7: Classy Christmas: Part 2,4/10/23
The Office (U.S.): Season 7: Classy Christmas: Part 1,4/10/23
The Office (U.S.): Season 7: China,4/10/23
The Office (U.S.): Season 7: WUPHF.com,4/10/23
The Office (U.S.): Season 7: Viewing Party,4/6/23
The Office (U.S.): Season 7: Christening,4/6/23
The Office (U.S.): Season 7: Costume Contest,4/6/23
The Office (U.S.): Season 7: The Sting,4/5/23
The Office (U.S.): Season 7: Sex Ed,4/5/23
The Office (U.S.): Season 7: Andy's Play,4/4/23
The Office (U.S.): Season 7: Counseling,4/4/23
The Office (U.S.): Season 7: Nepotism,4/4/23
The Office (U.S.): Season 6: Whistleblower,4/3/23
MH370: The Plane That Disappeared: Limited Series: The Intercept,4/3/23
MH370: The Plane That Disappeared: Limited Series: The Hijack,4/2/23
MH370: The Plane That Disappeared: Limited Series: The Pilot,4/2/23
The Office (U.S.): Season 6: The Chump,3/29/23
The Office (U.S.): Season 6: The Cover-Up,3/29/23
The Office (U.S.): Season 6: Body Language,3/28/23
The Office (U.S.): Season 6: Secretary's Day,3/28/23
The Office (U.S.): Season 6: Happy Hour,3/28/23
The Office (U.S.): Season 6: New Leads,3/28/23
The Office (U.S.): Season 6: St. Patrick's Day,3/23/23
The Office (U.S.): Season 6: Manager and the Salesman,3/19/23
The Office (U.S.): Season 6: Sabre,3/19/23
The Office (U.S.): Season 6: The Banker,3/19/23
The Office (U.S.): Season 6: Secret Santa,3/19/23
The Office (U.S.): Season 6: Scott's Tots,3/19/23
The Office (U.S.): Season 6: Shareholder Meeting,3/19/23
The Office (U.S.): Season 6: Murder,3/18/23
The Office (U.S.): Season 6: Double Date,3/18/23
The Spy: Limited Series: Alone in Damascus,3/17/23
"The Spy: Limited Series: What's New, Buenos Aires?",3/16/23
The Spy: Limited Series: The Immigrant,3/16/23
The Office (U.S.): Season 6: Koi Pond,3/15/23
The Office (U.S.): Season 6: The Lover,3/15/23
The Office (U.S.): Season 6: Mafia,3/15/23
The Office (U.S.): Season 6: Niagara: Part 2,3/14/23
The Office (U.S.): Season 6: Niagara: Part 1,3/14/23
The Office (U.S.): Season 6: The Promotion,3/14/23
The Office (U.S.): Season 6: Gossip,3/14/23
The Office (U.S.): Season 5: Company Picnic,3/14/23
The Office (U.S.): Season 5: Broke,3/14/23
The Office (U.S.): Season 6: The Meeting,3/13/23
The Office (U.S.): Season 5: Cafe Disco,3/12/23
The Office (U.S.): Season 5: Casual Friday,3/12/23
The Office (U.S.): Season 5: Heavy Competition,3/12/23
The Office (U.S.): Season 5: Michael Scott Paper Company,3/11/23
The Office (U.S.): Season 5: Dream Team,3/7/23
The Office (U.S.): Season 5: Two Weeks,3/7/23
The Office (U.S.): Season 5: New Boss,3/7/23
The Office (U.S.): Season 5: Golden Ticket,3/7/23
The Office (U.S.): Season 5: Blood Drive,3/7/23
The Office (U.S.): Season 5: Lecture Circuit: Part 2,3/7/23
The Office (U.S.): Season 5: Lecture Circuit: Part 1,3/7/23
Polar,3/7/23
The Office (U.S.): Season 5: Stress Relief: Part 2,3/6/23
The Office (U.S.): Season 5: Stress Relief: Part 1,3/6/23
The Office (U.S.): Season 5: Prince Family Paper,3/6/23
The Office (U.S.): Season 5: The Duel,3/6/23
The Office (U.S.): Season 5: Moroccan Christmas,3/6/23
The Office (U.S.): Season 5: The Surplus,3/5/23
The Office (U.S.): Season 5: Frame Toby,3/5/23
The Office (U.S.): Season 5: Business Trip,3/5/23
The Office (U.S.): Season 5: Customer Survey,3/5/23
The Office (U.S.): Season 5: Employee Transfer,3/5/23
The Office (U.S.): Season 5: Crime Aid,3/5/23
The Office (U.S.): Season 5: Baby Shower,3/5/23
The Office (U.S.): Season 5: Business Ethics,3/5/23
The Office (U.S.): Season 5: Weight Loss: Part 2,3/5/23
The Office (U.S.): Season 5: Weight Loss: Part 1,3/5/23
"The Office (U.S.): Season 4: Goodbye, Toby",3/5/23
The Office (U.S.): Season 4: Job Fair,3/5/23
Wrong Side of the Tracks: Season 1: An old-school scumbag,3/4/23
Ganglands: Season 1: Episode 2,3/4/23
Ganglands: Season 1: Episode 1,3/4/23
The Office (U.S.): Season 4: Did I Stutter,3/3/23
The Office (U.S.): Season 4: Night Out,3/3/23
The Office (U.S.): Season 4: The Chair Model,3/3/23
The Office (U.S.): Season 4: Dinner Party,3/3/23
The Office (U.S.): Season 4: The Deposition,3/3/23
The Office (U.S.): Season 4: Survivor Man,3/3/23
The Office (U.S.): Season 4: Branch Wars,3/2/23
The Office (U.S.): Season 4: Local Ad,3/2/23
The Office (U.S.): Season 4: Money,3/2/23
The Office (U.S.): Season 4: Launch Party,3/1/23
The Office (U.S.): Season 4: Dunder Mifflin Infinity,3/1/23
Schumacher,3/1/23
The Office (U.S.): Season 4: Fun Run,2/28/23
The Office (U.S.): Season 3: The Job,2/28/23
Formula 1: Drive to Survive: Season 5: End of the Road,2/28/23
Formula 1: Drive to Survive: Season 5: Over The Limit,2/28/23
Formula 1: Drive to Survive: Season 5: Alpha Male,2/28/23
The Office (U.S.): Season 3: Beach Games,2/27/23
The Office (U.S.): Season 3: Women's Appreciation,2/27/23
The Office (U.S.): Season 3: Product Recall,2/27/23
The Office (U.S.): Season 3: Safety Training,2/27/23
Formula 1: Drive to Survive: Season 5: Hot Seat,2/27/23
Formula 1: Drive to Survive: Season 5: Nice Guys Finish Last,2/27/23
The Office (U.S.): Season 3: The Negotiation,2/26/23
The Office (U.S.): Season 3: Cocktails,2/26/23
The Office (U.S.): Season 3: Business School,2/26/23
The Office (U.S.): Season 3: Phyllis's Wedding,2/26/23
The Office (U.S.): Season 3: Ben Franklin,2/26/23
Formula 1: Drive to Survive: Season 5: Pardon My French,2/26/23
The Office (U.S.): Season 3: The Return,2/26/23
The Office (U.S.): Season 3: Traveling Salesmen,2/26/23
The Office (U.S.): Season 3: Back from Vacation,2/26/23
"Formula 1: Drive to Survive: Season 5: Like Father, Like Son?",2/26/23
The Office (U.S.): Season 3: A Benihana Christmas,2/26/23
Formula 1: Drive to Survive: Season 5: Matter of Principal,2/26/23
The Office (U.S.): Season 3: The Convict,2/26/23
Out of Africa,2/26/23
The Office (U.S.): Season 3: The Merger,2/25/23
Squared Love All Over Again,2/25/23
The Office (U.S.): Season 3: Branch Closing,2/24/23
The Office (U.S.): Season 3: Diwali,2/24/23
The Office (U.S.): Season 3: Initiation,2/24/23
The Office (U.S.): Season 3: Grief Counseling,2/24/23
The Office (U.S.): Season 3: The Coup,2/24/23
The Office (U.S.): Season 3: The Convention,2/24/23
Formula 1: Drive to Survive: Season 5: Bounce Back,2/24/23
The Office (U.S.): Season 3: Gay Witch Hunt,2/24/23
The Office (U.S.): Season 2: Casino Night,2/24/23
Formula 1: Drive to Survive: Season 5: The New Dawn,2/24/23
The Office (U.S.): Season 2: Conflict Resolution,2/24/23
The Office (U.S.): Season 2: Drug Testing,2/23/23
The Office (U.S.): Season 2: Michael's Birthday,2/23/23
The Office (U.S.): Season 2: Take Your Daughter to Work Day,2/23/23
The Office (U.S.): Season 2: Dwight's Speech,2/20/23
The Office (U.S.): Season 2: Valentine's Day,2/20/23
The Office (U.S.): Season 2: Boys and Girls,2/20/23
The Office (U.S.): Season 2: The Carpet,2/20/23
The Office (U.S.): Season 2: The Secret,2/19/23
The Office (U.S.): Season 2: The Injury,2/19/23
The Office (U.S.): Season 2: Booze Cruise,2/19/23
The Office (U.S.): Season 2: Christmas Party,2/17/23
The Office (U.S.): Season 2: Email Surveillance,2/17/23
The Office (U.S.): Season 2: Performance Review,2/16/23
The Office (U.S.): Season 2: The Client,2/16/23
The Office (U.S.): Season 2: The Fight,2/16/23
The Office (U.S.): Season 2: Halloween,2/16/23
The Office (U.S.): Season 2: The Fire,2/15/23
The Office (U.S.): Season 2: Office Olympics,2/15/23
The Office (U.S.): Season 2: Sexual Harassment,2/15/23
The Office (U.S.): Season 2: The Dundies,2/14/23
The Office (U.S.): Season 1: Hot Girl,2/14/23
The Office (U.S.): Season 1: Health Care,2/14/23
Human Playground: Big Business,2/11/23
Human Playground: God's Playground,2/11/23
Human Playground: In Pursuit of Perfection,2/11/23
Human Playground: Rites of Passage,2/10/23
Human Playground: An Ancient Ritual,2/10/23
Human Playground: Breaking the Pain Barrier,2/10/23
El Chapo: Season 3: Episode 13,1/31/23
El Chapo: Season 3: Episode 12,1/31/23
El Chapo: Season 3: Episode 11,1/31/23
El Chapo: Season 3: Episode 10,1/31/23
Love Never Lies: Poland: The Last Chance,1/30/23
Love Never Lies: Poland: The Truth Hurts Most,1/30/23
El Chapo: Season 3: Episode 9,1/30/23
El Chapo: Season 3: Episode 8,1/29/23
El Chapo: Season 3: Episode 7,1/29/23
El Chapo: Season 3: Episode 6,1/29/23
El Chapo: Season 3: Episode 5,1/29/23
Love Never Lies: Poland: An Eye for an Eye,1/29/23
Love Never Lies: Poland: Thin Ice,1/28/23
Love Never Lies: Poland: Temptation Arrives,1/28/23
El Chapo: Season 3: Episode 4,1/28/23
El Chapo: Season 3: Episode 3,1/28/23
El Chapo: Season 3: Episode 2,1/27/23
El Chapo: Season 3: Episode 1,1/27/23
Physical: 100: Lose It and You Lose,1/27/23
Physical: 100: The Pecking Order,1/27/23
El Chapo: Season 2: Episode 12,1/27/23
El Chapo: Season 2: Episode 11,1/26/23
El Chapo: Season 2: Episode 10,1/26/23
El Chapo: Season 2: Episode 9,1/26/23
El Chapo: Season 2: Episode 8,1/25/23
El Chapo: Season 2: Episode 7,1/25/23
El Chapo: Season 2: Episode 6,1/25/23
El Chapo: Season 2: Episode 5,1/25/23
El Chapo: Season 2: Episode 4,1/24/23
El Chapo: Season 2: Episode 3,1/24/23
El Chapo: Season 2: Episode 2,1/24/23
El Chapo: Season 2: Episode 1,1/24/23
El Chapo: Season 1: Episode 9,1/24/23
El Chapo: Season 1: Episode 8,1/24/23
El Chapo: Season 1: Episode 7,1/23/23
El Chapo: Season 1: Episode 6,1/22/23
El Chapo: Season 1: Episode 5,1/21/23
El Chapo: Season 1: Episode 4,1/21/23
El Chapo: Season 1: Episode 3,1/20/23
El Chapo: Season 1: Episode 2,1/20/23
El Chapo: Season 1: Episode 1,1/20/23
Fauda: Season 1: Episode 5,1/19/23
Fauda: Season 1: Episode 4,1/19/23
Fauda: Season 1: Episode 3,1/18/23
Fauda: Season 1: Episode 2,1/18/23
Fauda: Season 1: Episode 1,1/13/23
The Pale Blue Eye,1/12/23
Treason: Limited Series: Episode 5,1/11/23
Treason: Limited Series: Episode 4,1/11/23
Treason: Limited Series: Episode 3,1/11/23
Treason: Limited Series: Episode 2,1/11/23
Treason: Limited Series: Episode 1,1/10/23
Echoes: Limited Series: Falls,1/10/23
Echoes: Limited Series: Fire,1/9/23
Echoes: Limited Series: Gina,1/9/23
Echoes: Limited Series: Body,1/9/23
Echoes: Limited Series: Party,1/8/23
Echoes: Limited Series: Birthday,1/8/23
Echoes: Limited Series: Home,1/8/23
Kaleidoscope: Limited Series: White (The Heist),1/7/23
Kaleidoscope: Limited Series: Pink (6 Months After the Heist),1/7/23
Kaleidoscope: Limited Series: Red (The Morning After the Heist),1/6/23
Indecent Proposal,1/6/23
Kaleidoscope: Limited Series: Violet (24 Years Before the Heist),1/6/23
Kaleidoscope: Limited Series: Orange (3 Weeks Before the Heist),1/6/23
Kaleidoscope: Limited Series: Blue (5 Days Before the Heist),1/6/23
Kaleidoscope: Limited Series: Green (7 Years Before the Heist),1/6/23
Kaleidoscope: Limited Series: Yellow (6 Weeks Before the Heist),1/5/23
Kaleidoscope: Limited Series: Black,1/5/23
The Watcher: Haunting,1/4/23
The Watcher: The Gloaming,1/4/23
The Watcher: Occam's Razor,1/4/23
The Watcher: Someone to Watch Over Me,1/4/23
The Watcher: Götterdämmerung,1/3/23
The Watcher: Blood Sacrifice,1/3/23
"The Watcher: Welcome, Friends",1/3/23
Too Hot to Handle: Season 1: Revenge Is a Dish Best Served Hot,1/2/23
Out of Sight,1/1/23
Emily in Paris: Season 3: Charade,1/1/23
Emily in Paris: Season 3: Love Is in the Air,1/1/23
Emily in Paris: Season 3: Fashion Victim,1/1/23
Emily in Paris: Season 3: How to Lose a Designer in 10 Days,12/31/22
Emily in Paris: Season 3: Ex-en-Provence,12/31/22
The Recruit: Season 1: W.T.F.I.O.H.,12/30/22
The Recruit: Season 1: I.M.F.T.B.S.,12/29/22
The Recruit: Season 1: I.C.I.N.C.,12/29/22
The Recruit: Season 1: T.S.L.A.Y.P.,12/29/22
The Recruit: Season 1: I.Y.D.I.A.A.C.,12/29/22
The Recruit: Season 1: Y.D.E.K.W.Y.D.,12/29/22
The Recruit: Season 1: N.L.T.S.Y.P.,12/28/22
The Recruit: Season 1: I.N.A.S.I.A.L.,12/28/22
Emily in Paris: Season 3: Ooo La La Liste,12/28/22
The Sinner: Season 4: Percy: Part VIII,12/27/22
The Sinner: Season 4: Percy: Part VII,12/27/22
"Emily in Paris: Season 3: Live From Paris, It’s Emily Cooper",12/26/22
Emily in Paris: Season 3: Coo D’état,12/25/22
Emily in Paris: Season 3: What's It All About...,12/25/22
Glass Onion: A Knives Out Mystery,12/25/22
Emily in Paris: Season 3: I Have Two Lovers,12/24/22
The Sinner: Season 4: Percy: Part VI,12/23/22
The Sinner: Season 4: Percy: Part V,12/23/22
The Sinner: Season 4: Percy: Part IV,12/23/22
The Sinner: Season 4: Percy: Part III,12/22/22
The Sinner: Season 4: Percy: Part II,12/22/22
The Sinner: Season 4: Percy: Part I,12/22/22
Too Hot to Handle: Season 1: When Harry Met Francesca,12/22/22
"Too Hot to Handle: Season 1: Love, Sex or Money",12/22/22
Dark: Season 3: The Paradise,12/21/22
Dark: Season 3: Between the Time,12/21/22
Dark: Season 3: Light and Shadow,12/19/22
Airplane!,12/19/22
Dark: Season 3: Life and Death,12/18/22
Dark: Season 3: The Origin,12/18/22
A Storm for Christmas: Limited Series: Episode 1,12/18/22
Dr. Strangelove or: How I Learned to Stop Worrying and Love the Bomb,12/15/22
Dark: Season 3: Adam and Eva,12/15/22
Dark: Season 3: The Survivors,12/15/22
Dark: Season 3: Deja-vu,12/15/22
Dark: Season 2: Endings and Beginnings,12/13/22
Dark: Season 2: The White Devil,12/12/22
Inglourious Basterds,12/11/22
Dark: Season 2: An Endless Cycle,12/11/22
Dark: Season 2: Lost and Found,12/11/22
Dark: Season 2: The Travelers,12/11/22
Dark: Season 2: Ghosts,12/9/22
Dark: Season 2: Dark Matter,12/8/22
Dark: Season 2: Beginnings and Endings,12/8/22
Dark: Season 1: Alpha and Omega,12/8/22
Dark: Season 1: Everything Is Now,12/8/22
"Dark: Season 1: As You Sow, So You Shall Reap",12/8/22
Dark: Season 1: Crossroads,11/23/22
Dark: Season 1: Sic Mundus Creatus Est,11/23/22
Dark: Season 1: Truths,11/23/22
Dark: Season 1: Double Lives,11/23/22
The Crown: Season 5: Gunpowder,11/21/22
The Crown: Season 5: No Woman's Land,11/21/22
Dark: Season 1: Past and Present,11/21/22
Dark: Season 1: Lies,11/20/22
The Crown: Season 5: Ipatiev House,11/20/22
The Crown: Season 5: The Way Ahead,11/20/22
The Crown: Season 5: Annus Horribilis,11/19/22
Hustle,11/19/22
Dark: Season 1: Secrets,11/19/22
Vatican Girl: The Disappearance of Emanuela Orlandi: Limited Series: Part 2,11/18/22
The Crown: Season 5: Mou Mou,11/17/22
The Crown: Season 5: The System,11/17/22
Killer Sally: Limited Series: The People vs. Sally McNeil,11/16/22
Killer Sally: Limited Series: The Death of Mr. California,11/16/22
Killer Sally: Limited Series: Valentine's Day,11/15/22
Inside Man: Episode 1,11/10/22
The Crown: Season 5: Queen Victoria Syndrome,11/9/22
"DAHMER: Monster: The Jeffrey Dahmer Story: God of Forgiveness, God of Vengeance",11/9/22
DAHMER: Monster: The Jeffrey Dahmer Story: The Bogeyman,11/9/22
DAHMER: Monster: The Jeffrey Dahmer Story: Lionel,11/7/22
DAHMER: Monster: The Jeffrey Dahmer Story: Cassandra,11/6/22
DAHMER: Monster: The Jeffrey Dahmer Story: Silenced,11/6/22
DAHMER: Monster: The Jeffrey Dahmer Story: Blood On Their Hands,11/3/22
DAHMER: Monster: The Jeffrey Dahmer Story: The Good Boy Box,11/2/22
DAHMER: Monster: The Jeffrey Dahmer Story: Doin' A Dahmer,10/25/22
DAHMER: Monster: The Jeffrey Dahmer Story: Please Don't Go,10/23/22
DAHMER: Monster: The Jeffrey Dahmer Story: Episode One,10/23/22
PIECES OF HER: Episode 1,10/22/22
The Longest Night: Episode 1,10/22/22
The Sinner: Season 3: Jamie: Part VIII,10/22/22
The Sinner: Season 3: Jamie: Part VII,10/22/22
The Sinner: Season 3: Jamie: Part VI,10/20/22
The Sinner: Season 3: Jamie: Part V,10/19/22
The Sinner: Season 3: Jamie: Part IV,10/19/22
The Sinner: Season 3: Jamie: Part III,10/18/22
The Sinner: Season 3: Jamie: Part II,10/17/22
Emily in Paris: Season 2: French Revolution,10/16/22
Emily in Paris: Season 2: Scents & Sensibility,10/16/22
Emily in Paris: Season 2: Champagne Problems,10/16/22
"Emily in Paris: Season 2: The Cook, the Thief, Her Ghost and His Lover",10/16/22
Emily in Paris: Season 2: Boiling Point,10/16/22
Emily in Paris: Season 2: An Englishman in Paris,10/16/22
Emily in Paris: Season 2: Jules and Em,10/16/22
Emily in Paris: Season 2: Bon Anniversaire!,10/16/22
Emily in Paris: Season 2: Do You Know the Way to St. Tropez?,10/15/22
Emily in Paris: Season 2: Voulez-Vous Coucher Avec Moi?,10/15/22
The Sinner: Season 3: Jamie: Part I,10/15/22
Emily in Paris: Season 1: Cancel Couture,10/15/22
Emily in Paris: Season 1: An American Auction in Paris,10/15/22
Emily in Paris: Season 1: Family Affair,10/15/22
Emily in Paris: Season 1: French Ending,10/15/22
Emily in Paris: Season 1: Ringarde,10/15/22
Emily in Paris: Season 1: Faux Amis,10/15/22
Emily in Paris: Season 1: A Kiss Is Just a Kiss,10/15/22
Emily in Paris: Season 1: Sexy or Sexist,10/15/22
Emily in Paris: Season 1: Masculin Féminin,10/14/22
Emily in Paris: Season 1: Emily in Paris,10/14/22
The Sinner: Season 2: Julian: Part VIII,10/13/22
The Sinner: Season 2: Julian: Part VII,10/13/22
The Sinner: Season 2: Julian: Part VI,10/12/22
The Sinner: Season 2: Julian: Part V,10/11/22
The Sinner: Season 2: Julian: Part IV,10/11/22
The Sinner: Season 2: Julian: Part III,10/11/22
The Sinner: Season 2: Julian: Part II,10/10/22
The Sinner: Season 2: Julian: Part I,10/10/22
The Sinner: Season 1: Cora: Part VIII,10/7/22
The Sinner: Season 1: Cora: Part VII,10/6/22
The Sinner: Season 1: Cora: Part VI,10/6/22
The Sinner: Season 1: Cora: Part V,10/6/22
The Sinner: Season 1: Cora: Part IV,10/5/22
The Sinner: Season 1: Cora: Part III,10/4/22
The Sinner: Season 1: Cora: Part II,10/1/22
The Sinner: Season 1: Cora: Part I,10/1/22
"Capitani: Season 1: Oh You, Up There",10/1/22
Manhunt: Unabomber: USA vs. Theodore J. Kaczynski,10/1/22
Into the Deep: The Submarine Murder Case,10/1/22
Blonde,9/30/22
Manhunt: Unabomber: Lincoln,9/30/22
Manhunt: Unabomber: Ted,9/29/22
Manhunt: Unabomber: Abri,9/28/22
Manhunt: Unabomber: Publish or Perish,9/28/22
Manhunt: Unabomber: Fruit of the Poisonous Tree,9/28/22
Manhunt: Unabomber: Pure Wudder,9/27/22
Manhunt: Unabomber: UNABOM,9/27/22
ATHENA,9/25/22
Top Boy: Season 1: Bruk Up,9/22/22
Gotham: Arkham,9/22/22
Gotham: The Balloonman,9/22/22
Gotham: Selina Kyle,9/21/22
Gotham: Pilot,9/21/22
Knightfall: Season 1: You'd Know What to Do,9/21/22
The Sandman: Dream of a Thousand Cats/Calliope,9/19/22
The Sandman: Lost Hearts,9/19/22
The Sandman: Collectors,9/18/22
The Sandman: Playing House,9/18/22
The Sandman: The Doll's House,9/18/22
The Sandman: The Sound of Her Wings,9/18/22
The Sandman: 24/7,9/17/22
The Sandman: A Hope in Hell,9/15/22
The Sandman: Dream a Little Dream of Me,9/14/22
The Sandman: Imperfect Hosts,9/14/22
The Sandman: Sleep of the Just,9/14/22
Metallica: Some Kind of Monster: Metallica: Some Kind of Monster,9/13/22
The Last Kingdom: Season 4: Episode 10,9/11/22
The Last Kingdom: Season 4: Episode 9,9/10/22
The Last Kingdom: Season 4: Episode 8,9/10/22
The Last Kingdom: Season 4: Episode 7,9/9/22
The Last Kingdom: Season 4: Episode 6,9/9/22
The Last Kingdom: Season 4: Episode 5,9/9/22
The Last Kingdom: Season 4: Episode 4,9/8/22
The Last Kingdom: Season 4: Episode 3,9/8/22
"I, Superbiker",9/7/22
Hitting the Apex,9/7/22
The Last Kingdom: Season 4: Episode 2,9/6/22
The Last Kingdom: Season 4: Episode 1,9/5/22
The Last Kingdom: Season 3: Episode 10,9/5/22
Eyes Wide Shut,9/4/22
The Last Kingdom: Season 3: Episode 9,9/3/22
The Last Kingdom: Season 3: Episode 8,9/3/22
The Last Kingdom: Season 3: Episode 7,9/3/22
The Last Kingdom: Season 3: Episode 6,9/2/22
The Last Kingdom: Season 3: Episode 5,9/2/22
The Last Kingdom: Season 3: Episode 4,9/2/22
The Last Kingdom: Season 3: Episode 3,8/31/22
The Last Kingdom: Season 3: Episode 2,8/30/22
The Last Kingdom: Season 3: Episode 1,8/29/22
The Last Kingdom: Season 2: Episode 8,8/29/22
The Last Kingdom: Season 2: Episode 7,8/29/22
Heart Parade,8/28/22
The Last Kingdom: Season 2: Episode 6,8/28/22
The Last Kingdom: Season 2: Episode 5,8/28/22
The Last Kingdom: Season 2: Episode 4,8/27/22
The Last Kingdom: Season 2: Episode 3,8/27/22
The Last Kingdom: Season 2: Episode 2,8/27/22
The Last Kingdom: Season 2: Episode 1,8/27/22
The Last Kingdom: Season 1: Episode 8,8/26/22
The Last Kingdom: Season 1: Episode 7,8/26/22
The Last Kingdom: Season 1: Episode 6,8/25/22
The Last Kingdom: Season 1: Episode 5,8/25/22
The Mummy,8/25/22
The Last Kingdom: Season 1: Episode 4,8/24/22
The Last Kingdom: Season 1: Episode 3,8/24/22
The Last Kingdom: Season 1: Episode 2,8/24/22
The Last Kingdom: Season 1: Episode 1,8/23/22
The Next 365 Days,8/21/22
The Gray Man,8/21/22
Better Call Saul: Season 6: Saul Gone,8/20/22
Bridgerton: Season 2: The Viscount Who Loved Me,8/19/22
Better Call Saul: Season 6: Waterworks,8/19/22
Bridgerton: Season 2: Harmony,8/19/22
Bridgerton: Season 2: The Choice,8/19/22
Bridgerton: Season 2: An Unthinkable Fate,8/19/22
Bridgerton: Season 2: Victory,8/19/22
Bridgerton: Season 2: A Bee in Your Bonnet,8/19/22
Bridgerton: Season 2: Off to the Races,8/18/22
Better Call Saul: Season 6: Breaking Bad,8/18/22
Bridgerton: Season 2: Capital R Rake,8/18/22
Better Call Saul: Season 6: Nippy,8/17/22
Bridgerton: Season 1: After the Rain,8/17/22
Bridgerton: Season 1: Oceans Apart,8/16/22
Better Call Saul: Season 6: Fun and Games,8/16/22
Bridgerton: Season 1: Swish,8/16/22
Better Call Saul: Season 6: Point and Shoot,8/16/22
Better Call Saul: Season 6: Plan and Execution,8/16/22
Bridgerton: Season 1: The Duke and I,8/16/22
Bridgerton: Season 1: An Affair of Honor,8/16/22
Bridgerton: Season 1: Art of the Swoon,8/15/22
Bridgerton: Season 1: Shock and Delight,8/15/22
Bridgerton: Season 1: Diamond of the First Water,8/15/22
Mr. Robot: Season 2: eps2.0_unm4sk-pt2.tc,8/12/22
Mr. Robot: Season 2: eps2.0_unm4sk-pt1.tc,8/12/22
Mr. Robot: eps1.9_zer0-daY.avi,8/11/22
Mr. Robot: eps1.8_m1rr0r1ng.qt,8/11/22
Mr. Robot: eps1.7_wh1ter0se.m4v,8/10/22
Mr. Robot: eps1.6_v1ew-s0urce.flv,8/9/22
Mr. Robot: eps1.5_br4ve-trave1er.asf,8/9/22
Mr. Robot: eps1.4_3xpl0its.wmv,8/7/22
Mr. Robot: eps1.3_da3m0ns.mp4,8/7/22
Top Gun,8/7/22
Mr. Robot: eps1.2_d3bug.mkv,8/5/22
Mr. Robot: eps1.1_ones-and-zer0es.mpeg,8/5/22
Mr. Robot: eps1.0_hellofriend.mov,8/3/22
MINDHUNTER: Season 2: Episode 9,8/2/22
MINDHUNTER: Season 2: Episode 8,8/2/22
MINDHUNTER: Season 2: Episode 7,8/2/22
MINDHUNTER: Season 2: Episode 6,8/1/22
Car Masters: Rust to Riches: Season 1: Outsmarted,7/30/22
MINDHUNTER: Season 2: Episode 5,7/29/22
MINDHUNTER: Season 2: Episode 4,7/29/22
MINDHUNTER: Season 2: Episode 3,7/28/22
MINDHUNTER: Season 2: Episode 2,7/27/22
Aloha,7/24/22
Persuasion,7/23/22
8 Mile,7/19/22
MINDHUNTER: Season 2: Episode 1,7/16/22
MINDHUNTER: Season 1: Episode 10,7/15/22
MINDHUNTER: Season 1: Episode 9,7/14/22
MINDHUNTER: Season 1: Episode 8,7/12/22
MINDHUNTER: Season 1: Episode 7,7/11/22
MINDHUNTER: Season 1: Episode 6,7/11/22
MINDHUNTER: Season 1: Episode 5,7/11/22
MINDHUNTER: Season 1: Episode 4,7/11/22
MINDHUNTER: Season 1: Episode 3,7/11/22
Yes Man,7/10/22
MINDHUNTER: Season 1: Episode 2,7/9/22
MINDHUNTER: Season 1: Episode 1,7/9/22
The Lincoln Lawyer: Season 1: Twelve Lemmings in a Box,7/9/22
The Lincoln Lawyer: Season 1: Chaos Theory,7/6/22
The Lincoln Lawyer: Season 1: Momentum,7/6/22
The Lincoln Lawyer: Season 1: The Magic Bullet,7/5/22
The Lincoln Lawyer: Season 1: He Rides Again,7/4/22
Hit & Run: Love & Loss,6/26/22
Hit & Run: Hit & Run,6/24/22
Better Call Saul: Season 6: Axe and Grind,6/24/22
Frida,6/23/22
Better Call Saul: Season 6: Black and Blue,6/23/22
Mamma Mia!,6/23/22
Better Call Saul: Season 6: Hit and Run,6/22/22
Better Call Saul: Season 6: Rock and Hard Place,6/22/22
Better Call Saul: Season 6: Carrot and Stick,6/22/22
The Talented Mr. Ripley,6/21/22
Bloodline: Season 3: Part 33,6/21/22
Bloodline: Season 3: Part 32,6/21/22
Bloodline: Season 3: Part 31,6/20/22
Bloodline: Season 3: Part 30,6/20/22
Bloodline: Season 3: Part 29,6/20/22
Bloodline: Season 3: Part 28,6/19/22
Bloodline: Season 3: Part 27,6/19/22
Bloodline: Season 3: Part 26,6/19/22
Bloodline: Season 3: Part 25,6/17/22
Bloodline: Season 3: Part 24,6/16/22
Bloodline: Season 2: Part 23,6/16/22
Bloodline: Season 2: Part 22,6/16/22
Bloodline: Season 2: Part 21,6/16/22
Bloodline: Season 2: Part 20,6/15/22
Bloodline: Season 2: Part 19,6/15/22
Bloodline: Season 2: Part 18,6/15/22
Bloodline: Season 2: Part 17,6/14/22
Bloodline: Season 2: Part 16,6/13/22
Bloodline: Season 2: Part 15,6/13/22
Bloodline: Season 2: Part 14,6/11/22
Bloodline: Season 1: Part 13,6/9/22
Bloodline: Season 1: Part 12,6/9/22
Bloodline: Season 1: Part 11,6/9/22
Bloodline: Season 1: Part 10,6/8/22
Bloodline: Season 1: Part 9,6/8/22
Bloodline: Season 1: Part 8,6/7/22
Bloodline: Season 1: Part 7,6/7/22
Bloodline: Season 1: Part 6,6/7/22
Bloodline: Season 1: Part 5,6/7/22
Bloodline: Season 1: Part 4,6/6/22
Bloodline: Season 1: Part 3,6/6/22
Bloodline: Season 1: Part 2,6/6/22
Bloodline: Season 1: Part 1,6/5/22
A Farewell to Ozark,5/18/22
Murder Mystery,5/14/22
Trailer Park Boys: Season 1: Take Your Little Gun and Get Out of My Trailer Park,5/14/22
Ozark: Season 4: A Hard Way to Go,5/12/22
Ozark: Season 4: Mud,5/11/22
Ozark: Season 4: Trouble the Water,5/10/22
Ozark: Season 4: Pound of Flesh and Still Kickin',5/10/22
Ozark: Season 4: You're the Boss,5/9/22
Ozark: Season 4: Pick a God and Pray,5/7/22
Ozark: Season 4: The Cousin of Death,5/7/22
Ozark: Season 4: Sanctified,5/3/22
"8 rzeczy, których nie wiecie o facetach",4/23/22
Taboo: Episode 8,4/21/22
The Taming of the Shrewd,4/21/22
Taboo: Episode 7,4/20/22
Better Call Saul: Season 6: Wine and Roses,4/19/22
The Crown: Season 3: Imbroglio,4/14/22
The Crown: Season 3: Dangling Man,4/13/22
The Crown: Season 3: Moondust,4/13/22
Taboo: Episode 6,4/12/22
Taboo: Episode 5,4/12/22
Po prostu przyjaźń,4/10/22
Taboo: Episode 4,4/5/22
Peaky Blinders: Season 5: Mr Jones,4/3/22
Peaky Blinders: Season 5: The Shock,4/3/22
Peaky Blinders: Season 5: The Loop,4/3/22
Taboo: Episode 3,4/1/22
Peaky Blinders: Season 5: Strategy,3/31/22
Taboo: Episode 2,3/31/22
Taboo: Episode 1,3/30/22
Vikings: Valhalla: Season 1: The End of the Beginning,3/30/22
Vikings: Valhalla: Season 1: Choices,3/29/22
Peaky Blinders: Season 5: Black Cats,3/28/22
Vikings: Valhalla: Season 1: The Last Daughter of Uppsala,3/28/22
Peaky Blinders: Season 5: Black Tuesday,3/27/22
Vikings: Valhalla: Season 1: Miracle,3/27/22
Vikings: Valhalla: Season 1: The Bridge,3/27/22
Vikings: Valhalla: Season 1: The Marshes,3/27/22
The Crown: Season 3: Tywysog Cymru,3/27/22
Vikings: Valhalla: Season 1: Viking,3/26/22
Vikings: Valhalla: Season 1: The Greenlanders,3/26/22
The Crown: Season 3: Coup,3/25/22
Line of Duty: Episode 3,3/22/22
Line of Duty: Episode 2,3/22/22
Peaky Blinders: Season 4: The Company,3/22/22
Peaky Blinders: Season 4: The Duel,3/21/22
Peaky Blinders: Season 4: Dangerous,3/21/22
Peaky Blinders: Season 4: Blackbird,3/19/22
Peaky Blinders: Season 4: Heathens,3/19/22
Line of Duty: Episode 1,3/19/22
Formula 1: Drive to Survive: Season 1: All to Play For,3/19/22
Formula 1: Drive to Survive: Season 4: Hard Racing,3/19/22
Formula 1: Drive to Survive: Season 4: Gloves Are Off,3/18/22
Peaky Blinders: Season 4: The Noose,3/18/22
Peaky Blinders: Season 3: Episode 6,3/18/22
Peaky Blinders: Season 3: Episode 5,3/17/22
Formula 1: Drive to Survive: Season 4: Dances With Wolff,3/17/22
Peaky Blinders: Season 3: Episode 4,3/17/22
Peaky Blinders: Season 3: Episode 3,3/16/22
Peaky Blinders: Season 3: Episode 2,3/16/22
Peaky Blinders: Season 3: Episode 1,3/16/22
Peaky Blinders: Season 2: Episode 6,3/16/22
Formula 1: Drive to Survive: Season 4: Growing Pains,3/16/22
Formula 1: Drive to Survive: Season 4: A Point to Prove,3/15/22
Peaky Blinders: Season 2: Episode 5,3/15/22
Formula 1: Drive to Survive: Season 4: Staying Alive,3/15/22
Peaky Blinders: Season 2: Episode 4,3/15/22
Peaky Blinders: Season 2: Episode 3,3/15/22
Peaky Blinders: Season 2: Episode 2,3/14/22
Formula 1: Drive to Survive: Season 4: A Mountain to Climb,3/14/22
Formula 1: Drive to Survive: Season 4: Tipping Point,3/14/22
Formula 1: Drive to Survive: Season 4: Ace in the Hole,3/14/22
Formula 1: Drive to Survive: Season 4: Clash of the Titans,3/14/22
The Crown: Season 3: Bubbikins,3/13/22
PAW Patrol: Season 6: Ultimate Rescue: Pups Stop a Meltdown / Ultimate Rescue:  Pups and the Mystery of the Missing Cellphones,3/13/22
PAW Patrol: Season 6: Pups Save the Jungle Penguins / Pups Save a Freighter,3/13/22
Peaky Blinders: Season 2: Episode 1,3/13/22
Peaky Blinders: Season 1: Episode 6,3/12/22
Peaky Blinders: Season 1: Episode 5,3/12/22
Peaky Blinders: Season 1: Episode 4,3/12/22
Peaky Blinders: Season 1: Episode 3,3/12/22
Peaky Blinders: Season 1: Episode 2,3/10/22
The Crown: Season 3: Aberfan,3/9/22
The Crown: Season 3: Margaretology,3/8/22
The Crown: Season 3: Olding,3/8/22
The Crown: Season 2: Mystery Man,3/8/22
The Crown: Season 2: Paterfamilias,3/7/22
Memoirs of a Geisha,3/6/22
The Crown: Season 2: Dear Mrs. Kennedy,3/6/22
The Crown: Season 2: Matrimonium,3/6/22
The Crown: Season 2: Vergangenheit,3/6/22
The Crown: Season 2: Marionettes,3/6/22
The Crown: Season 2: Beryl,3/5/22
The Crown: Season 2: Lisbon,3/5/22
Emma.,3/4/22
Peaky Blinders: Season 1: Episode 1,3/1/22
Wedding Crashers,2/20/22
The Crown: Season 2: A Company of Men,2/20/22
The Crown: Season 2: Misadventure,2/19/22
The Crown: Season 1: Gloriana,2/15/22
The Crown: Season 1: Assassins,2/14/22
The Crown: Season 1: Pride & Joy,2/13/22
The Crown: Season 1: Scientia Potentia Est,2/13/22
The Crown: Season 1: Gelignite,2/13/22
The Crown: Season 1: Smoke and Mirrors,2/13/22
Inventing Anna: Limited Series: Life of a VIP,2/13/22
House of Cards: Season 2: Chapter 17,2/9/22
House of Cards: Season 2: Chapter 16,2/9/22
House of Cards: Season 2: Chapter 15,2/7/22
House of Cards: Season 2: Chapter 14,2/7/22
The Crown: Season 1: Act of God,2/5/22
The Crown: Season 1: Windsor,2/5/22
The Crown: Season 1: Hyde Park Corner,2/5/22
The Crown: Season 1: Wolferton Splash,2/5/22
House of Cards: Season 1: Chapter 13,2/4/22
House of Cards: Season 1: Chapter 12,2/4/22
The Witcher: Season 2: Kaer Morhen,2/3/22
House of Cards: Season 1: Chapter 11,2/3/22
House of Cards: Season 1: Chapter 10,2/3/22
House of Cards: Season 1: Chapter 9,2/3/22
The Witcher: Season 2: A Grain of Truth,2/2/22
House of Cards: Season 1: Chapter 8,2/2/22
House of Cards: Season 1: Chapter 7,2/2/22
House of Cards: Season 1: Chapter 6,2/1/22
House of Cards: Season 1: Chapter 5,1/31/22
House of Cards: Season 1: Chapter 4,1/31/22
House of Cards: Season 1: Chapter 3,1/31/22
House of Cards: Season 1: Chapter 2,1/30/22
House of Cards: Season 1: Chapter 1,1/30/22
Ozark: Season 4: Sangre Sobre Todo,1/28/22
The Office (U.S.): Season 9: Finale,1/28/22
The Office (U.S.): Season 9: A.A.R.M,1/28/22
The Office (U.S.): Season 9: Livin' the Dream,1/28/22
The Office (U.S.): Season 9: Paper Airplane,1/28/22
The Office (U.S.): Season 9: Stairmageddon,1/27/22
Ozark: Season 4: Ellie,1/27/22
Ozark: Season 4: Ace Deuce,1/27/22
Ozark: Season 4: City on the Make,1/27/22
The Office (U.S.): Season 9: Promos,1/26/22
The Office (U.S.): Season 1: Pilot,1/26/22
Ozark: Season 4: Let the Great World Spin,1/26/22
Ozark: Season 4: The Beginning of the End,1/25/22
Ozark: Season 3: All In,1/24/22
The Office (U.S.): Season 9: The Farm,1/24/22
The Office (U.S.): Season 9: Moving On,1/24/22
The Office (U.S.): Season 9: Couple's Discount,1/24/22
The Office (U.S.): Season 9: Vandalism,1/23/22
The Office (U.S.): Season 9: Junior Salesman,1/20/22
The Office (U.S.): Season 9: Customer Loyalty,1/20/22
The Fall: Season 1: Darkness Visible,1/20/22
The Fall: Season 1: Dark Descent,1/20/22
Designated Survivor: Season 1: The Interrogation,1/20/22
The Office (U.S.): Season 9: Suit Warehouse,1/20/22
The Office (U.S.): Season 9: Lice,1/20/22
The Office (U.S.): Season 9: Dwight Christmas,1/19/22
The Office (U.S.): Season 9: The Target,1/19/22
The Office (U.S.): Season 9: The Whale,1/19/22
The Office (U.S.): Season 9: The Boat,1/19/22
The Office (U.S.): Season 9: Here Comes Treble,1/18/22
The Office (U.S.): Season 9: Work Bus,1/18/22
The Office (U.S.): Season 9: Andy's Ancestry,1/18/22
Designated Survivor: Season 1: The Mission,1/14/22
Designated Survivor: Season 1: The Enemy,1/13/22
Designated Survivor: Season 1: The Confession,1/13/22
Designated Survivor: Season 1: The First Day,1/12/22
Designated Survivor: Season 1: Pilot,1/12/22
StartUp: Seed Money,1/11/22
Bad Blood: Season 2: Declan's Choice,1/11/22
Bad Blood: Season 2: Lupara Cosoleto,1/11/22
Bad Blood: Season 2: What to Do About Valentina?,1/10/22
Bad Blood: Season 2: Disruption and Early Sorrow,1/9/22
Bad Blood: Season 2: That Ship Has Sailed,1/9/22
Bad Blood: Season 2: Una Vita Per Una Vita,1/9/22
Bad Blood: Season 2: A Grapefruit Worth 20 Million,1/8/22
Bad Blood: Season 2: Who Are You,1/8/22
Bad Blood: You Can Never Hold Back Spring,1/8/22
Bad Blood: When You Got Nothin',1/7/22
Bad Blood: Home Is Where the Gun Is,1/7/22
Bad Blood: Positive Reinforcement,1/7/22
Bad Blood: Feast or Famine,1/6/22
Bad Blood: Scar Tissue,1/6/22
Better Call Saul: Season 5: Something Unforgivable,1/5/22
Better Call Saul: Season 5: Bad Choice Road,1/5/22
Better Call Saul: Season 5: Bagman,1/5/22
Better Call Saul: Season 5: JMM,1/4/22
Better Call Saul: Season 5: Wexler v. Goodman,1/4/22
Better Call Saul: Season 5: Dedicado a Max,1/4/22
The Office (U.S.): Season 6: Delivery: Part 2,1/3/22
Better Call Saul: Season 5: Namaste,1/3/22
The Office (U.S.): Season 6: Delivery: Part 1,1/3/22
Better Call Saul: Season 5: The Guy for This,1/2/22
Better Call Saul: Season 5: 50% Off,1/2/22
Better Call Saul: Season 5: Magic Man,1/1/22
Better Call Saul: Season 4: Winner,1/1/22
Better Call Saul: Season 4: Wiedersehen,12/30/21
Better Call Saul: Season 4: Coushatta,12/30/21
Better Call Saul: Season 4: Something Stupid,12/30/21
Better Call Saul: Season 4: Piñata,12/30/21
Better Call Saul: Season 4: Quite a Ride,12/29/21
Better Call Saul: Season 4: Talk,12/29/21
Better Call Saul: Season 4: Something Beautiful,12/29/21
Better Call Saul: Season 4: Breathe,12/29/21
Better Call Saul: Season 4: Smoke,12/29/21
Better Call Saul: Season 3: Lantern,12/28/21
Better Call Saul: Season 3: Fall,12/28/21
Better Call Saul: Season 3: Slip,12/28/21
Better Call Saul: Season 3: Expenses,12/28/21
Better Call Saul: Season 3: Off Brand,12/28/21
Better Call Saul: Season 3: Chicanery,12/27/21
Better Call Saul: Season 3: Sabrosito,12/27/21
Better Call Saul: Season 3: Sunk Costs,12/27/21
Better Call Saul: Season 3: Witness,12/27/21
Better Call Saul: Season 3: Mabel,12/27/21
Better Call Saul: Season 2: Klick,12/27/21
Better Call Saul: Season 2: Nailed,12/26/21
Better Call Saul: Season 2: Fifi,12/26/21
Better Call Saul: Season 2: Inflatable,12/26/21
Better Call Saul: Season 2: Bali Ha'i,12/26/21
Better Call Saul: Season 2: Rebecca,12/26/21
The Good Shepherd,12/25/21
Better Call Saul: Season 2: Gloves Off,12/24/21
Better Call Saul: Season 2: Amarillo,12/24/21
Better Call Saul: Season 2: Cobbler,12/24/21
Better Call Saul: Season 2: Switch,12/23/21
Better Call Saul: Season 1: Marco,12/22/21
Better Call Saul: Season 1: Pimento,12/22/21
Better Call Saul: Season 1: Rico,12/21/21
Better Call Saul: Season 1: Bingo,12/21/21
Better Call Saul: Season 1: Five-O,12/21/21
Better Call Saul: Season 1: Alpine Shepherd Boy,12/21/21
Better Call Saul: Season 1: Hero,12/19/21
Better Call Saul: Season 1: Nacho,12/19/21
Better Call Saul: Season 1: Mijo,12/19/21
Better Call Saul: Season 1: Uno,12/19/21
Suburra: Blood on Rome: Season 2: Closer,12/16/21
Suburra: Blood on Rome: Season 2: Consequences,12/16/21
Suburra: Blood on Rome: Season 2: Find Her,12/16/21
Suburra: Blood on Rome: Season 1: Call It Sleep,12/15/21
Suburra: Blood on Rome: Season 1: Pitch Black,12/15/21
Suburra: Blood on Rome: Season 1: A New Man,12/15/21
Suburra: Blood on Rome: Season 1: Last Customer,12/14/21
"Suburra: Blood on Rome: Season 1: Garlic, Oil, and Chili Pepper",12/14/21
Suburra: Blood on Rome: Season 1: She Wolf,12/14/21
Suburra: Blood on Rome: Season 1: Enjoy Your Meal,12/14/21
Suburra: Blood on Rome: Season 1: Rabid Dogs,12/14/21
Suburra: Blood on Rome: Season 1: Plebes and Patricians,12/14/21
Suburra: Blood on Rome: Season 1: 21 Days,12/13/21
Narcos: Mexico: Season 3: Life in Wartime,12/13/21
Narcos: Mexico: Season 3: The Reckoning,12/12/21
Narcos: Mexico: Season 3: Last Dance,12/12/21
Narcos: Mexico: Season 3: La Voz,12/11/21
Narcos: Mexico: Season 3: La Jefa,12/11/21
Narcos: Mexico: Season 3: Boots on the Ground,12/11/21
Narcos: Mexico: Season 3: GDL,12/11/21
Narcos: Mexico: Season 3: Los Juniors,12/10/21
Narcos: Mexico: Season 3: Como La Flor,12/10/21
Narcos: Mexico: Season 3: 12 Steps,12/10/21
Ozark: Season 3: Fire Pink,12/9/21
Ozark: Season 3: BFF,12/9/21
Ozark: Season 3: In Case of Emergency,12/9/21
Ozark: Season 3: Su Casa Es Mi Casa,12/8/21
Ozark: Season 3: It Came from Michoacán,12/7/21
Ozark: Season 3: Boss Fight,12/7/21
Ozark: Season 3: Kevin Cronin Was Here,12/7/21
Ozark: Season 3: Civil Union,12/7/21
Ozark: Season 3: Wartime,12/7/21
Ozark: Season 2: The Gold Coast,12/6/21
Ozark: Season 2: The Badger,12/5/21
Ozark: Season 2: The Big Sleep,12/5/21
Ozark: Season 2: One Way Out,12/5/21
Ozark: Season 2: Outer Darkness,12/3/21
Ozark: Season 2: Game Day,12/3/21
Ozark: Season 2: Stag,12/3/21
Ozark: Season 2: Once a Langmore...,12/2/21
Ozark: Season 2: The Precious Blood of Jesus,12/2/21
Ozark: Season 2: Reparations,12/2/21
Ozark: Season 1: The Toll,12/2/21
"Ozark: Season 1: Coffee, Black",12/1/21
Ozark: Season 1: Kaleidoscope,11/30/21
Ozark: Season 1: Nest Box,11/29/21
Ozark: Season 1: Book of Ruth,11/29/21
Ozark: Season 1: Ruling Days,11/29/21
The Office (U.S.): Season 1: Basketball,11/29/21
The Office (U.S.): Season 1: The Alliance,11/29/21
The Office (U.S.): Season 1: Diversity Day,11/28/21
Ozark: Season 1: Tonight We Improvise,11/28/21
Ozark: Season 1: My Dripping Sleep,11/28/21
Breaking Bad: Season 5: Felina,11/28/21
Ozark: Season 1: Blue Cat,11/27/21
Ozark: Season 1: Sugarwood,11/27/21
Red Notice,11/27/21
El Camino: A Breaking Bad Movie,11/26/21
Shooter: Season 2: The Hunting Party,11/23/21
Shooter: Season 1: Primer Contact,11/23/21
Shooter: Season 1: Ballistic Advantage,11/23/21
Shooter: Season 1: Red on Red,11/22/21
Shooter: Season 1: Danger Close,11/22/21
Shooter: Season 1: Killing Zone,11/22/21
Shooter: Season 1: Recon by Fire,11/22/21
Shooter: Season 1: Overwatch,11/22/21
Shooter: Season 1: Musa Qala,11/22/21
Shooter: Season 1: Exfil,11/21/21
Shooter: Season 1: Point of Impact,11/21/21
Jason Bourne,11/21/21
Breaking Bad: Season 5: Granite State,11/20/21
Breaking Bad: Season 5: Ozymandias,11/20/21
Breaking Bad: Season 5: To'hajiilee,11/20/21
Breaking Bad: Season 5: Rabid Dog,11/19/21
Breaking Bad: Season 5: Confessions,11/19/21
Breaking Bad: Season 5: Buried,11/19/21
Breaking Bad: Season 5: Blood Money,11/19/21
Breaking Bad: Season 5: Gliding Over All,11/19/21
Breaking Bad: Season 5: Say My Name,11/18/21
Breaking Bad: Season 5: Buyout,11/18/21
Breaking Bad: Season 5: Dead Freight,11/18/21
Breaking Bad: Season 5: Fifty-One,11/17/21
Breaking Bad: Season 5: Hazard Pay,11/17/21
Breaking Bad: Season 5: Madrigal,11/17/21
Breaking Bad: Season 5: Live Free Or Die,11/16/21
Breaking Bad: Season 4: Face Off,11/16/21
Breaking Bad: Season 4: End Times,11/16/21
Breaking Bad: Season 4: Crawl Space,11/15/21
Breaking Bad: Season 4: Salud,11/15/21
Breaking Bad: Season 4: Bug,11/15/21
Breaking Bad: Season 4: Hermanos,11/15/21
Breaking Bad: Season 4: Problem Dog,11/14/21
Breaking Bad: Season 4: Cornered,11/14/21
Breaking Bad: Season 4: Shotgun,11/14/21
Breaking Bad: Season 4: Bullet Points,11/13/21
Breaking Bad: Season 4: Open House,11/13/21
Breaking Bad: Season 4: Thirty-Eight Snub,11/12/21
Breaking Bad: Season 4: Box Cutter,11/12/21
Breaking Bad: Season 3: Full Measure,11/11/21
Breaking Bad: Season 3: Half Measures,11/11/21
Breaking Bad: Season 3: Abiquiu,11/10/21
Breaking Bad: Season 3: Fly,11/10/21
Breaking Bad: Season 3: Kafkaesque,11/9/21
Breaking Bad: Season 3: I See You,11/9/21
Breaking Bad: Season 3: One Minute,11/8/21
Breaking Bad: Season 3: Sunset,11/8/21
Career Girl,11/7/21
Breaking Bad: Season 3: Mas,11/7/21
Breaking Bad: Season 3: Green Light,11/7/21
Breaking Bad: Season 3: I.F.T.,11/7/21
Breaking Bad: Season 3: Caballo Sin Nombre,11/7/21
Breaking Bad: Season 3: No Más,11/6/21
Breaking Bad: Season 2: ABQ,11/6/21
Breaking Bad: Season 2: Phoenix,11/6/21
Breaking Bad: Season 2: Mandala,11/6/21
Breaking Bad: Season 2: Over,11/5/21
Breaking Bad: Season 2: 4 Days Out,11/5/21
Breaking Bad: Season 2: Better Call Saul,11/5/21
Breaking Bad: Season 2: Negro y Azul,11/5/21
Suits: Season 1: Pilot Part 1 & 2,11/4/21
Breaking Bad: Season 2: Peekaboo,11/3/21
Breaking Bad: Season 2: Breakage,11/3/21
Breaking Bad: Season 2: Down,11/3/21
Breaking Bad: Season 2: Bit by a Dead Bee,11/1/21
Breaking Bad: Season 2: Grilled,11/1/21
Breaking Bad: Season 2: Seven Thirty-Seven,11/1/21
Breaking Bad: Season 1: A No-Rough-Stuff-Type Deal,10/31/21
Breaking Bad: Season 1: Crazy Handful of Nothin',10/31/21
Breaking Bad: Season 1: Gray Matter,10/31/21
Breaking Bad: Season 1: Cancer Man,10/31/21
Breaking Bad: Season 1: And the Bag's in the River,10/30/21
Breaking Bad: Season 1: The Cat's in the Bag,10/30/21
Breaking Bad: Season 1: Pilot,10/30/21
The Blacklist: Season 1: Frederick Barnes (No. 47),10/28/21
The Blacklist: Season 1: Gina Zanetakos (No. 152),10/28/21
The Blacklist: Season 1: The Courier (No. 85),10/28/21
The Blacklist: Season 1: The Stewmaker (No. 161),10/27/21
The Blacklist: Season 1: Wujing (No. 84),10/27/21
The Blacklist: Season 1: The Freelancer (No. 145),10/26/21
The Blacklist: Season 1: Pilot,10/26/21
Bad Boys for Life,10/25/21
Frontier: Season 3: The Sins of the Father,10/25/21
Frontier: Season 3: House of the Lord,10/24/21
Frontier: Season 3: All for All and None for One,10/24/21
Frontier: Season 3: Satanazas,10/24/21
Frontier: Season 3: La Fin Du Monde,10/23/21
Frontier: Season 3: The Low Road,10/23/21
Frontier: Season 2: Keetom Takooteeoo Maheekun (The Return of the Wolf),10/22/21
Frontier: Season 2: Cannonball,10/21/21
Frontier: Season 2: Mutiny,10/21/21
Frontier: Season 2: The Wolf and the Bear,10/21/21
Frontier: Season 2: Wanted,10/21/21
Frontier: Season 2: Dead Reckoning,10/20/21
Frontier: Season 1: The Gallows,10/20/21
Frontier: Season 1: The Disciple,10/20/21
Frontier: Season 1: Wolves,10/20/21
Frontier: Season 1: Mushkegowuk Esquewu,10/19/21
Frontier: Season 1: Little Brother War,10/18/21
Frontier: Season 1: A Kingdom Unto Itself,10/18/21
Barbarians: A New Reik,10/18/21
Barbarians: On the Edge,10/15/21
Barbarians: Vengeance,10/15/21
Barbarians: Wolf and Eagle,10/15/21
Rise of Empires: Ottoman: The Conquest of Constantinople: The New Sultan,10/14/21
Lucifer: Season 6: Buckets of Baggage,10/14/21
Lucifer: Season 6: Nothing Ever Changes Around Here,10/14/21
Lucifer: Season 5: A Chance at a Happy Ending,10/14/21
Lucifer: Season 5: A Little Harmless Stalking,10/14/21
Sons of Anarchy: Season 7: Papa's Goods,10/13/21
Sons of Anarchy: Season 7: Red Rose,10/13/21
Sons of Anarchy: Season 7: Suits of Woe,10/12/21
Sons of Anarchy: Season 7: Faith and Despondency,10/12/21
Sons of Anarchy: Season 7: What a Piece of Work Is Man,10/12/21
Sons of Anarchy: Season 7: The Separation of Crows,10/12/21
Sons of Anarchy: Season 7: Greensleeves,10/11/21
Sons of Anarchy: Season 7: Smoke 'em if You Got 'em,10/11/21
Sons of Anarchy: Season 7: Some Strange Eruption,10/11/21
Sons of Anarchy: Season 7: Poor Little Lambs,10/11/21
Sons of Anarchy: Season 7: Playing with Monsters,10/8/21
Sons of Anarchy: Season 7: Toil and Till,10/6/21
Sons of Anarchy: Season 7: Black Widower,10/6/21
Sons of Anarchy: Season 6: A Mother's Work,10/5/21
Sons of Anarchy: Season 6: You Are My Sunshine,10/5/21
Sons of Anarchy: Season 6: Aon Rud Pearsanta,10/5/21
Sons of Anarchy: Season 6: Huang Wu,10/4/21
Sons of Anarchy: Season 6: John 8:32,10/3/21
Sons of Anarchy: Season 6: Los Fantasmas,10/3/21
Sons of Anarchy: Season 6: Sweet and Vaded,10/3/21
Mr. Robot: Season 3: eps3.8_stage3.torrent,10/1/21
Mr. Robot: Season 3: eps3.7_dont-delete-me.ko,10/1/21
Sons of Anarchy: Season 6: Salvage,10/1/21
Sons of Anarchy: Season 6: The Mad King,10/1/21
Sons of Anarchy: Season 6: Wolfsangel,9/30/21
Sons of Anarchy: Season 6: Poenitentia,9/30/21
Sons of Anarchy: Season 6: One One Six,9/30/21
Mr. Robot: Season 3: eps3.6_fredrick+tanya.chk,9/29/21
Mr. Robot: Season 3: eps3.5_kill-process.inc,9/29/21
Sons of Anarchy: Season 6: Straw,9/28/21
Sons of Anarchy: Season 5: J'ai Obtenu Cette,9/28/21
Sons of Anarchy: Season 5: Darthy,9/28/21
Sons of Anarchy: Season 5: To Thine Own Self,9/27/21
Sons of Anarchy: Season 5: Crucifixed,9/27/21
Mr. Robot: Season 3: eps3.4_runtime-error.r00,9/27/21
Mr. Robot: Season 3: eps3.3_metadata.par2,9/26/21
Mr. Robot: Season 3: eps3.2_legacy.so,9/26/21
Sons of Anarchy: Season 5: Andare Pescare,9/26/21
Sons of Anarchy: Season 5: Ablation,9/26/21
Sons of Anarchy: Season 5: Toad's Wild Ride,9/26/21
Sons of Anarchy: Season 5: Small World,9/25/21
Sons of Anarchy: Season 5: Orca Shrugged,9/25/21
Sons of Anarchy: Season 5: Stolen Huffy,9/25/21
Sons of Anarchy: Season 5: Laying Pipe,9/25/21
Sons of Anarchy: Season 5: Authority Vested,9/25/21
Mr. Robot: Season 3: eps3.0_power-saver-mode.h,9/25/21
Mr. Robot: Season 2: eps2.9_pyth0n-pt2.p7z,9/25/21
Mr. Robot: Season 2: eps2.9_pyth0n-pt1.p7z,9/25/21
Mr. Robot: Season 2: eps2.8_h1dden-pr0cess.axx,9/25/21
Mr. Robot: Season 2: eps2.7_init_5.fve,9/25/21
Mr. Robot: Season 2: eps2.6_succ3ss0r.p12,9/25/21
Mr. Robot: Season 2: eps2.5_h4ndshake.sme,9/25/21
Sons of Anarchy: Season 5: Sovereign,9/24/21
Sons of Anarchy: Season 4: To Be - Act 2,9/24/21
Sons of Anarchy: Season 4: To Be - Act 1,9/24/21
Sons of Anarchy: Season 4: Burnt and Purged Away,9/21/21
Sons of Anarchy: Season 4: Call of Duty,9/21/21
Sons of Anarchy: Season 4: Hands,9/21/21
Sons of Anarchy: Season 4: Kiss,9/21/21
Sons of Anarchy: Season 4: Family Recipe,9/20/21
Sons of Anarchy: Season 4: Fruit for the Crows,9/19/21
Sons of Anarchy: Season 4: With an X,9/19/21
Sons of Anarchy: Season 4: Brick,9/19/21
Sons of Anarchy: Season 4: Una Venta,9/19/21
Sons of Anarchy: Season 4: Dorylus,9/19/21
The Matrix,9/18/21
Sons of Anarchy: Season 4: Booster,9/18/21
Sons of Anarchy: Season 4: Out,9/18/21
Sons of Anarchy: Season 3: NS,9/17/21
Sons of Anarchy: Season 3: June Wedding,9/17/21
Sons of Anarchy: Season 3: Bainne,9/17/21
Sons of Anarchy: Season 3: Firinne,9/16/21
Sons of Anarchy: Season 3: Turas,9/16/21
Sons of Anarchy: Season 3: Lochan Mor,9/16/21
Sons of Anarchy: Season 3: Widening Gyre,9/16/21
Sons of Anarchy: Season 3: The Push,9/16/21
Sons of Anarchy: Season 3: Turning and Turning,9/16/21
Sons of Anarchy: Season 3: Oiled,9/16/21
Sons of Anarchy: Season 3: Home,9/15/21
Sons of Anarchy: Season 3: Caregiver,9/15/21
Sons of Anarchy: Season 3: SO,9/14/21
Sons of Anarchy: Giving Back,9/14/21
Sons of Anarchy: Season 2: Na Triobloidi,9/13/21
Sons of Anarchy: Season 2: The Culling,9/13/21
Sons of Anarchy: Season 2: Service,9/13/21
Sons of Anarchy: Season 2: Balm,9/13/21
Sons of Anarchy: Season 2: Potlatch,9/13/21
Sons of Anarchy: Patch Over,9/13/21
Sons of Anarchy: Fun Town,9/13/21
Sons of Anarchy: Seeds,9/13/21
Sons of Anarchy: Pilot,9/13/21
Sons of Anarchy: Season 2: Fa Guan,9/13/21
Sons of Anarchy: Season 2: Gilead,9/12/21
Sons of Anarchy: Season 2: Falx Cerebri,9/12/21
Sons of Anarchy: Season 2: Smite,9/12/21
Sons of Anarchy: Season 2: Eureka,9/12/21
Sons of Anarchy: Season 2: Fix,9/12/21
Sons of Anarchy: Season 2: Small Tears,9/10/21
Sons of Anarchy: Season 2: Albification,9/10/21
Sons of Anarchy: The Revelator,9/10/21
Sons of Anarchy: The Sleep of Babies,9/10/21
Sons of Anarchy: Capybara,9/9/21
Sons of Anarchy: Better Half,9/9/21
Sons of Anarchy: Hell Followed,9/9/21
Sons of Anarchy: The Pull,9/9/21
Sons of Anarchy: Old Bones,9/9/21
Sons of Anarchy: AK-51,9/8/21
Age of Samurai: Battle for Japan: Seizing Power,9/7/21
Age of Samurai: Battle for Japan: The Rise of Nobunaga,9/7/21
Marco Polo: One Hundred Eyes,9/6/21
Marco Polo: Season 2: The Fellowship,9/6/21
Marco Polo: Season 2: Heirs,9/6/21
Marco Polo: Season 2: Whitehorse,9/6/21
Marco Polo: Season 2: Lost Crane,9/5/21
Marco Polo: Season 2: Serpent's Terms,9/5/21
Marco Polo: Season 2: Lullaby,9/3/21
Marco Polo: Season 2: Let God's Work Begin,9/3/21
Marco Polo: Season 2: Measure Against the Linchpin,9/2/21
Marco Polo: Season 2: Hug,9/2/21
Marco Polo: Season 2: Hunter and the Sable Weaver,9/1/21
Marco Polo: Season 1: The Heavenly and Primal,9/1/21
Marco Polo: Season 1: Prisoners,9/1/21
Marco Polo: Season 1: Rendering,8/31/21
Marco Polo: Season 1: The Scholar's Pen,8/31/21
Marco Polo: Season 1: White Moon,8/30/21
Marco Polo: Season 1: Hashshashin,8/30/21
Marco Polo: Season 1: The Fourth Step,8/30/21
Marco Polo: Season 1: Feast,8/29/21
Marco Polo: Season 1: The Wolf and the Deer,8/29/21
Marco Polo: Season 1: The Wayfarer,8/26/21
Roman Empire: Commodus: Reign of Blood: The Making of an Emperor,8/24/21
Roman Empire: Commodus: Reign of Blood: Born in the Purple,8/24/21
The Tourist,8/22/21
My Best Friend's Wedding,8/22/21
Desperado,8/21/21
Planet Single,8/13/21
Shrek the Third,8/8/21
You've Got Mail,8/2/21
"Virgin River: Season 3: A Wedding, No Funeral and a Baby",7/30/21
Virgin River: Season 3: The Sun Also Rises,7/30/21
Virgin River: Season 3: Life and Death,7/30/21
Virgin River: Season 3: Split,7/29/21
Lucifer: Season 5: Daniel Espinoza: Naked and Afraid,7/28/21
Lucifer: Season 5: Resting Devil Face,7/26/21
Lucifer: Season 5: Bloody Celestial Karaoke Jam,7/23/21
Lucifer: Season 5: Family Dinner,7/22/21
Lucifer: Season 5: Spoiler Alert,7/22/21
Lucifer: Season 5: Our Mojo,7/22/21
Virgin River: Season 3: Jack and Jill,7/18/21
Forrest Gump,7/17/21
Virgin River: Season 3: Kindling,7/17/21
Virgin River: Season 3: Take My Breath Away,7/17/21
Virgin River: Season 3: Spare Parts and Broken Hearts,7/17/21
Virgin River: Season 3: Sticky Feet,7/15/21
Virgin River: Season 3: Where There's Smoke...,7/10/21
Lupin: Part 2: Chapter 9,7/9/21
Lupin: Part 2: Chapter 8,7/9/21
Lupin: Part 2: Chapter 7,7/9/21
Lupin: Part 2: Chapter 6,7/9/21
Lupin: Part 1: Chapter 5,7/8/21
Lupin: Part 1: Chapter 4,7/8/21
Lupin: Part 1: Chapter 3,7/8/21
Lupin: Part 1: Chapter 2,7/8/21
Lupin: Part 1: Chapter 1,7/5/21
Lucifer: Season 5: Is This Really How It's Going to End?!,7/1/21
Me Before You,7/1/21
Lucifer: Season 5: Nothing Lasts Forever,6/30/21
Gemini Man,6/24/21
Fatherhood,6/19/21
Ocean's Eleven,6/13/21
Lucifer: Season 5: Detective Amenadiel,6/13/21
Lucifer: Season 5: BlueBallz,6/13/21
Lucifer: Season 5: It Never Ends Well for the Chicken,6/13/21
Lucifer: Season 5: ¡Diablo!,6/13/21
Lucifer: Season 5: Lucifer! Lucifer! Lucifer!,6/13/21
Lucifer: Season 5: Really Sad Devil Guy,6/13/21
Lucifer: Season 4: Who's da New King of Hell?,6/11/21
Lucifer: Season 4: Save Lucifer,6/11/21
Lucifer: Season 4: Super Bad Boyfriend,6/10/21
Lucifer: Season 4: Devil Is as Devil Does,6/4/21
Lucifer: Season 4: Orgy Pants to Work,6/3/21
Lucifer: Season 4: Expire Erect,5/29/21
Lucifer: Season 4: All About Eve,5/29/21
"Lucifer: Season 4: O, Ye of Little Faith, Father",5/28/21
Lucifer: Season 4: Somebody’s Been Reading Dante’s Inferno,5/25/21
Fifty Shades of Grey,5/24/21
Lucifer: Season 4: Everything's Okay,5/24/21
Lucifer: Season 3: Once Upon a Time,5/23/21
Lucifer: Season 3: Boo Normal,5/23/21
Lucifer: Season 3: A Devil of My Word,5/23/21
Lucifer: Season 3: Quintessential Deckerstar,5/21/21
Lucifer: Season 3: All Hands on Decker,5/20/21
"Formula 1: Drive to Survive: Season 2: Blood, Sweat & Tears",5/20/21
Formula 1: Drive to Survive: Season 2: Musical Chairs,5/20/21
Formula 1: Drive to Survive: Season 2: Seeing Red,5/20/21
Lucifer: Season 3: Anything Pierce Can Do I Can Do Better,5/19/21
Lucifer: Season 3: The Angel of San Bernardino,5/19/21
Formula 1: Drive to Survive: Season 2: Raging Bulls,5/19/21
Formula 1: Drive to Survive: Season 2: Great Expectations,5/19/21
Formula 1: Drive to Survive: Season 2: Dark Days,5/18/21
Lucifer: Season 3: Orange Is the New Maze,5/18/21
Lucifer: Season 3: The Last Heartbreak,5/16/21
Formula 1: Drive to Survive: Season 2: Dogfight,5/16/21
Lucifer: Season 3: Let Pinhead Sing!,5/16/21
Lucifer: Season 3: Infernal Guinea Pig,5/15/21
Lucifer: Season 3: High School Poppycock,5/15/21
Lucifer: Season 3: My Brother's Keeper,5/15/21
Lucifer: Season 3: 'Til Death Do Us Part,5/15/21
Lucifer: Season 3: All About Her,5/14/21
Lucifer: Season 3: City of Angels?,5/14/21
Lucifer: Season 3: The Sin Bin,5/14/21
Formula 1: Drive to Survive: Season 2: Boiling Point,5/13/21
Formula 1: Drive to Survive: Season 2: Lights Out,5/13/21
Lucifer: Season 3: The Sinnerman,5/12/21
Lucifer: Season 3: Chloe Does Lucifer,5/9/21
Lucifer: Season 3: Off the Record,5/9/21
Lucifer: Season 3: Vegas with Some Radish,5/9/21
Formula 1: Drive to Survive: Season 1: Crossing the Line,5/8/21
"Lucifer: Season 3: Welcome Back, Charlotte Richards",5/7/21
Formula 1: Drive to Survive: Season 1: Stars and Stripes,5/6/21
Lucifer: Season 3: What Would Lucifer Do?,5/2/21
Lucifer: Season 3: Mr. and Mrs. Mazikeen Smith,5/2/21
Lucifer: Season 3: The One with the Baby Carrot,5/2/21
"Lucifer: Season 3: They're Back, Aren't They?",5/2/21
Formula 1: Drive to Survive: Season 1: The Next Generation,5/1/21
Formula 1: Drive to Survive: Season 1: Keeping Your Head,5/1/21
Formula 1: Drive to Survive: Season 1: All or Nothing,5/1/21
Formula 1: Drive to Survive: Season 1: Trouble at the Top,4/30/21
"Lucifer: Season 2: The Good, The Bad and The Crispy",4/30/21
Lucifer: Season 2: Sympathy for the Goddess,4/30/21
Lucifer: Season 2: God Johnson,4/30/21
Formula 1: Drive to Survive: Season 1: The Art of War,4/28/21
Formula 1: Drive to Survive: Season 1: Redemption,4/28/21
Formula 1: Drive to Survive: Season 1: The King of Spain,4/28/21
Formula 1: Drive to Survive: Season 3: Down to the Wire,4/26/21
Lucifer: Season 2: Deceptive Little Parasite,4/26/21
Formula 1: Drive to Survive: Season 3: Man On Fire,4/25/21
Lucifer: Season 2: Candy Morningstar,4/25/21
Formula 1: Drive to Survive: Season 3: No Regrets,4/25/21
Lucifer: Season 2: A Good Day to Die,4/25/21
Formula 1: Drive to Survive: Season 3: Guenther's Choice,4/25/21
Formula 1: Drive to Survive: Season 3: The Comeback Kid,4/25/21
Lucifer: Season 2: Love Handles,4/25/21
Formula 1: Drive to Survive: Season 3: The End of the Affair,4/25/21
Formula 1: Drive to Survive: Season 3: We Need to Talk About Ferrari,4/25/21
Formula 1: Drive to Survive: Season 3: Nobody's Fool,4/25/21
Formula 1: Drive to Survive: Season 3: Back On Track,4/25/21
Lucifer: Season 2: Stewardess Interruptus,4/24/21
Lucifer: Season 2: Quid Pro Ho,4/24/21
Lucifer: Season 2: Homewrecker,4/24/21
Lucifer: Season 2: Trip to Stabby Town,4/24/21
Lucifer: Season 2: My Little Monkey,4/23/21
Lucifer: Season 2: Monster,4/23/21
Lucifer: Season 2: The Weaponizer,4/21/21
Lucifer: Season 2: Lady Parts,4/21/21
Lucifer: Season 2: Sin-Eater,4/19/21
"Lucifer: Season 2: Liar, Liar, Slutty Dress on Fire",4/18/21
Lucifer: Season 2: Everything's Coming Up Lucifer,4/18/21
Lucifer: Season 1: Take Me Back to Hell,4/18/21
Lucifer: Season 1: #TeamLucifer,4/18/21
Lucifer: Season 1: St. Lucifer,4/17/21
Lucifer: Season 1: Pops,4/17/21
Lucifer: Season 1: A Priest Walks into a Bar,4/17/21
"Lucifer: Season 1: Et Tu, Doctor?",4/17/21
Interstellar,4/16/21
Lucifer: Season 1: Wingman,4/16/21
Minecraft: Story Mode: The Order of the Stone,4/16/21
Blade Runner 2049,4/16/21
Lucifer: Season 1: Favorite Son,4/12/21
New Amsterdam: Season 2: A Matter of Seconds,4/12/21
Lucifer: Season 1: Sweet Kicks,4/12/21
Lucifer: Season 1: Manly Whatnots,4/11/21
Lucifer: Season 1: The Would-Be Prince of Darkness,4/11/21
Steve Jobs,4/11/21
"Lucifer: Season 1: Lucifer, Stay. Good Devil.",4/11/21
Lucifer: Season 1: Pilot,4/11/21
New Amsterdam: Season 2: Liftoff,4/10/21
New Amsterdam: Season 2: Perspectives,4/10/21
New Amsterdam: Season 2: Double Blind,4/8/21
New Amsterdam: Season 2: Sabbath,4/7/21
New Amsterdam: Season 2: In the Graveyard,4/7/21
"New Amsterdam: Season 2: 14 Years, 2 Months, 8 Days",4/6/21
New Amsterdam: Season 2: Hiding Behind My Smile,4/6/21
New Amsterdam: Season 2: Code Silver,4/5/21
New Amsterdam: Season 2: The Island,4/5/21
Formula 1: Drive to Survive: Season 3: Cash Is King,4/5/21
Formula 1: Drive to Survive: Season 2: Checkered Flag,4/4/21
New Amsterdam: Season 2: What the Heart Wants,4/3/21
New Amsterdam: Season 2: Good Soldiers,4/2/21
New Amsterdam: Season 2: Righteous Right Hand,4/1/21
New Amsterdam: Season 2: The Karman Line,3/31/21
New Amsterdam: Season 2: The Denominator,3/30/21
New Amsterdam: Season 2: Replacement,3/30/21
New Amsterdam: Season 2: The Big Picture,3/30/21
New Amsterdam: Season 2: Your Turn,3/30/21
New Amsterdam: Season 1: Luna,3/30/21
New Amsterdam: Season 1: This Is Not the End,3/28/21
New Amsterdam: Season 1: Preventable,3/27/21
New Amsterdam: Season 1: Happy Place,3/27/21
The Founder,3/24/21
New Amsterdam: Season 1: Five Miles West,3/22/21
New Amsterdam: Season 1: Sanctuary,3/22/21
New Amsterdam: Season 1: King of Swords,3/21/21
New Amsterdam: Season 1: Croaklahoma,3/21/21
New Amsterdam: Season 1: The Forsaken,3/21/21
New Amsterdam: Season 1: The Blues,3/21/21
New Amsterdam: Season 1: Anima Sola,3/15/21
New Amsterdam: Season 1: A Seat at the Table,3/14/21
New Amsterdam: Season 1: Six or Seven Minutes,3/14/21
New Amsterdam: Season 1: As Long as It Takes,3/14/21
Narcos: Mexico: Season 2: Free Trade,3/9/21
"Narcos: Mexico: Season 2: Growth, Prosperity, and Liberation",3/7/21
Narcos: Mexico: Season 2: Se Cayó El Sistema,3/7/21
Narcos: Mexico: Season 2: Truth and Reconciliation,3/6/21
Narcos: Mexico: Season 2: El Dedazo,3/6/21
Narcos: Mexico: Season 2: AFO,3/5/21
Narcos: Mexico: Season 2: The Big Dig,3/5/21
Narcos: Mexico: Season 2: Ruben Zuno Arce,3/3/21
Narcos: Mexico: Season 2: Alea lacta Est,3/3/21
New Amsterdam: Season 1: Three Dots,3/2/21
New Amsterdam: Season 1: Domino Effect,3/1/21
Narcos: Mexico: Season 2: Salva El Tigre,3/1/21
New Amsterdam: Season 1: Anthropocene,2/28/21
Narcos: Mexico: Season 1: Leyenda,2/28/21
New Amsterdam: Season 1: Cavitation,2/28/21
Narcos: Mexico: Season 1: 881 Lope de Vega,2/28/21
New Amsterdam: Season 1: Boundaries,2/28/21
Narcos: Mexico: Season 1: Just Say No,2/28/21
Narcos: Mexico: Season 1: Jefe de Jefes,2/28/21
Narcos: Mexico: Season 1: La Última Frontera,2/27/21
Narcos: Mexico: Season 1: The Colombian Connection,2/27/21
"Narcos: Mexico: Season 1: Rafa, Rafa, Rafa!",2/27/21
Vikings: Season 6: The Final Straw,2/27/21
New Amsterdam: Season 1: Every Last Minute,2/27/21
New Amsterdam: Season 1: Rituals,2/26/21
New Amsterdam: Season 1: Pilot,2/26/21
The Other Boleyn Girl,2/20/21
Narcos: Mexico: Season 1: El Padrino,2/16/21
Narcos: Mexico: Season 1: The Plaza System,2/16/21
Narcos: Mexico: Season 1: Camelot,2/15/21
Squared Love,2/14/21
Bad Luck Good Love,2/7/21
Rocketman,2/7/21
Fate: The Winx Saga: Season 1: To the Waters and the Wild,1/28/21
Vikings: Season 6: All at Sea,1/27/21
Vikings: Season 6: Lost Souls,1/27/21
Vikings: Season 6: The Signal,1/27/21
Vikings: Season 6: All Change,1/26/21
Vikings: Season 6: King of Kings,1/24/21
Narcos: Season 3: Going Back to Cali,1/20/21
Narcos: Season 3: Todos Los Hombres del Presidente,1/20/21
Narcos: Season 3: Convivir,1/20/21
Narcos: Season 1: There Will Be a Future,1/20/21
Narcos: Season 1: The Palace in Flames,1/20/21
Narcos: Season 1: The Men of Always,1/20/21
Narcos: Season 3: Sin Salida,1/19/21
Narcos: Season 3: Best Laid Plans,1/19/21
Narcos: Season 3: MRO,1/19/21
Narcos: Season 3: Checkmate,1/18/21
Narcos: Season 3: Follow the Money,1/18/21
Narcos: Season 3: The Cali KGB,1/15/21
Narcos: Season 3: The Kingpin Strategy,1/15/21
Narcos: Season 1: Descenso,1/14/21
Narcos: Season 1: The Sword of Simón Bolívar,1/14/21
Narcos: Season 1: La Catedral,1/14/21
Narcos: Season 1: La Gran Mentira,1/13/21
Narcos: Season 2: Al Fin Cayó!,1/12/21
Narcos: Season 2: Nuestra Finca,1/12/21
Narcos: Season 2: Exit El Patrón,1/12/21
Narcos: Season 2: Deutschland 93,1/11/21
Narcos: Season 2: Los Pepes,1/11/21
Narcos: Season 2: The Enemies of My Enemy,1/11/21
"Narcos: Season 2: The Good, The Bad, and The Dead",1/11/21
Narcos: Season 2: Our Man in Madrid,1/10/21
Narcos: Season 2: Cambalache,1/10/21
Narcos: Season 2: Free at Last,1/10/21
Narcos: Season 1: Despegue,1/10/21
Narcos: Season 1: You Will Cry Tears of Blood,1/9/21
Narcos: Season 1: Explosivos,1/9/21
The King,1/6/21
How I Met Your Mother: Season 9: Last Forever: Part Two,1/6/21
How I Met Your Mother: Season 9: Last Forever: Part One,1/5/21
How I Met Your Mother: Pilot,1/5/21
Mayday,1/5/21
The Last Dance: Episode IV,1/5/21
The Last Dance: Episode III,1/5/21
Vikings: Season 6: The Last Act,1/4/21
Vikings: Season 6: The Lord Giveth...,1/4/21
MANK,1/4/21
Vikings: Season 6: It's Only Magic,1/4/21
Vikings: Season 6: The Raft of Medusa,1/4/21
Vikings: Season 6: The Best Laid Plans,1/3/21
All My Friends Are Dead,1/3/21
The Last Dance: Episode II,1/2/21
The Last Dance: Episode I,1/1/21
Vikings: Season 6: Resurrection,12/28/20
Vikings: Season 6: Valhalla Can Wait,12/28/20
Vikings: Season 6: The Ice Maiden,12/27/20
Vikings: Season 6: Death and the Serpent,12/27/20
Vikings: Season 6: The Key,12/27/20
Vikings: Season 6: All the Prisoners,12/27/20
"Vikings: Season 6: Ghosts, Gods and Running Dogs",12/27/20
Vikings: Season 6: The Prophet,12/27/20
Vikings: Season 6: New Beginnings,12/27/20
Vikings: Season 5: Ragnarok,12/26/20
Vikings: Season 5: What Happens in the Cave,12/26/20
Vikings: Season 5: Baldur,12/25/20
Vikings: Season 5: The Most Terrible Thing,12/25/20
Vikings: Season 5: The Buddha,12/25/20
Vikings: Season 5: Hell,12/25/20
Vikings: Season 5: The Lost Moment,12/24/20
Vikings: Season 5: A New God,12/23/20
Vikings: Season 5: Murder Most Foul,12/23/20
Vikings: Season 5: The Revelation,12/22/20
Vikings: Season 5: Moments of Vision,12/22/20
Vikings: Season 5: A Simple Story,12/21/20
Vikings: Season 5: The Joke,12/21/20
Vikings: Season 5: Full Moon,12/21/20
Vikings: Season 5: The Message,12/20/20
Vikings: Season 5: The Prisoner,12/20/20
Vikings: Season 5: The Plan,12/19/20
Vikings: Season 5: Homeland,12/19/20
Vikings: Season 5: The Departed,12/19/20
Vikings: Season 5: The Fisher King,12/19/20
Vikings: Season 4: The Reckoning,12/18/20
Virgin River: Season 2: Blown Away,12/18/20
Virgin River: Season 2: Hazards Ahead,12/17/20
Vikings: Season 4: On the Eve,12/17/20
Vikings: Season 4: Revenge,12/17/20
Virgin River: Season 2: Blindspots,12/17/20
Virgin River: Season 2: Breaking Point,12/17/20
Virgin River: Season 2: Out of the Past,12/16/20
Vikings: Season 4: The Great Army,12/16/20
Virgin River: Season 2: Can’t Let Go,12/16/20
Vikings: Season 4: Crossing,12/16/20
Virgin River: Season 2: Rumor Has It,12/16/20
Virgin River: Season 2: The Morning After,12/16/20
Vikings: Season 4: All His Angels,12/15/20
Vikings: Season 4: In the Uncertain Hour Before the Morning,12/15/20
Virgin River: Season 2: Taken by Surprise,12/14/20
Virgin River: Season 2: New Beginnings,12/14/20
Holidate,12/14/20
Rick and Morty: Pilot,12/14/20
Vikings: Season 4: Two Journeys,12/13/20
Virgin River: Season 1: Unexpected Endings,12/13/20
Vikings: Season 4: The Vision,12/13/20
Virgin River: Season 1: Everybody Has a Secret,12/13/20
Vikings: Season 4: The Outsider,12/13/20
Virgin River: Season 1: Into the Light,12/13/20
Virgin River: Season 1: If Truth Be Told,12/13/20
Virgin River: Season 1: Let's Mingle,12/13/20
Virgin River: Season 1: Under Fire,12/13/20
Virgin River: Season 1: A Wounded Heart,12/13/20
Vikings: Season 4: The Last Ship,12/13/20
Vikings: Season 4: Death All 'Round,12/13/20
Virgin River: Season 1: ... and Found,12/12/20
Virgin River: Season 1: Lost,12/12/20
Vikings: Season 4: Portage,12/12/20
Virgin River: Season 1: Carry On,12/12/20
Vikings: Season 4: The Profit and the Loss,12/12/20
Vikings: Season 4: What Might Have Been,12/10/20
Vikings: Season 4: Promised,12/10/20
Vikings: Season 4: Yol,12/9/20
Vikings: Season 4: Mercy,12/9/20
Vikings: Season 4: Kill the Queen,12/9/20
The Crown: Season 4: War,12/9/20
The Crown: Season 4: Avalanche,12/9/20
The Crown: Season 4: 48:1,12/9/20
Vikings: Season 4: A Good Treason,12/8/20
Vikings: Season 3: The Dead,12/8/20
The Crown: Season 4: The Hereditary Principle,12/8/20
Vikings: Season 3: Breaking Point,12/7/20
Vikings: Season 3: To the Gates!,12/7/20
Vikings: Season 3: Paris,12/6/20
Marie Antoinette,12/6/20
Vikings: Season 3: Born Again,12/6/20
Exorcist: Season 1: Episode 2,12/6/20
Exorcist: Season 1: Episode 1,12/6/20
Vikings: Season 3: The Usurper,12/6/20
Vikings: Season 3: Scarred,12/6/20
Vikings: Season 3: Warrior's Fate,12/5/20
Vikings: Season 3: The Wanderer,12/5/20
Vikings: Season 3: Mercenary,12/5/20
Vikings: Season 2: The Lord's Prayer,12/5/20
The Crown: Season 4: Terra Nullius,12/4/20
Vikings: Season 2: The Choice,12/3/20
Vikings: Season 2: Boneless,12/3/20
The Crown: Season 4: Fagan,12/3/20
Vikings: Season 2: Blood Eagle,12/2/20
Vikings: Season 2: Unforgiven,12/2/20
Vikings: Season 2: Answers in Blood,12/2/20
The Crown: Season 4: Favourites,12/2/20
Vikings: Season 2: Eye for an Eye,12/1/20
Erotica 2022,12/1/20
Vikings: Season 2: Treachery,12/1/20
Vikings: Season 2: Invasion,12/1/20
The Crown: Season 4: Fairytale,11/30/20
Vikings: Season 2: Brother's War,11/30/20
Vikings: Season 1: All Change,11/30/20
Vikings: Season 1: Sacrifice,11/30/20
Vikings: Season 1: A King's Ransom,11/30/20
Vikings: Season 1: Burial of the Dead,11/30/20
Vikings: Season 1: Raid,11/30/20
Vikings: Season 1: Trial,11/30/20
Vikings: Season 1: Dispossessed,11/30/20
A Star Is Born,11/29/20
Vikings: Season 1: Wrath of the Northmen,11/29/20
Vikings: Season 1: Rites of Passage,11/29/20
The Crown: Season 4: The Balmoral Test,11/29/20
"7 rzeczy, których nie wiecie o facetach",11/24/20
The Crown: Season 4: Gold Stick,11/23/20
The Crown: Season 3: Cri de Coeur,11/22/20
Mission: Impossible - Fallout,11/19/20
The Queen's Gambit: Limited Series: Doubled Pawns,10/28/20
The Queen's Gambit: Limited Series: Exchanges,10/26/20
The Queen's Gambit: Limited Series: Openings,10/26/20
The Social Dilemma,10/18/20
Message in a Bottle,10/8/20
Friends: Season 7: The One with the Holiday Armadillo,10/6/20
Friends: The One Where Monica Gets a Roommate (Pilot),10/6/20
The Theory of Everything,9/24/20
"Love, Guaranteed",9/21/20
Music and Lyrics,9/19/20
How to Lose a Guy in 10 Days,9/17/20
The Bodyguard,9/16/20
Basic Instinct,9/14/20
Sex Education: Season 2: Episode 8,8/25/20
Friends: Season 10: The Last One: Part 1 & Part 2,8/24/20
Friends: Season 10: The One with Rachel's Going Away Party,8/21/20
Friends: Season 10: The One Where Estelle Dies,8/21/20
Friends: Season 10: The One with Princess Consuela,8/21/20
Friends: Season 10: The One Where Joey Speaks French,8/20/20
Friends: Season 10: The One with Phoebe's Wedding,8/20/20
Friends: Season 10: The One Where the Stripper Cries,8/20/20
Friends: Season 10: The One Where Chandler Gets Caught,8/20/20
Friends: Season 10: The One with the Birth Mother,8/20/20
Friends: Season 10: The One with the Late Thanksgiving,8/20/20
Sex Education: Season 2: Episode 7,8/18/20
Sex Education: Season 2: Episode 6,8/18/20
Friends: Season 10: The One with The Home Study,8/17/20
Friends: Season 10: The One with Ross's Grant,8/17/20
Sex Education: Season 2: Episode 5,8/16/20
Friends: Season 10: The One Where Rachel's Sister Babysits,8/15/20
Scent of a Woman,8/14/20
Friends: Season 10: The One with the Cake,8/14/20
Friends: Season 10: The One with Ross's Tan,8/14/20
Friends: Season 10: The One Where Ross Is Fine,8/14/20
Friends: Season 10: The One After Joey and Rachel Kiss,8/13/20
Friends: Season 9: The One in Barbados,8/13/20
Sex Education: Season 2: Episode 4,8/13/20
Friends: Season 9: The One with the Donor,8/13/20
Sex Education: Season 2: Episode 3,8/13/20
Friends: Season 9: The One with the Fertility Test,8/12/20
Friends: Season 9: The One with the Soap Opera Party,8/12/20
Friends: Season 9: The One with Rachel's Dream,8/12/20
Friends: Season 9: The One with the Lottery,7/19/20
Friends: Season 9: The One with the Memorial Service,7/19/20
Friends: Season 9: The One with the Boob Job,7/19/20
Friends: Season 9: The One with the Mugging,7/19/20
Friends: Season 9: The One with the Blind Dates,7/18/20
Midnight in Paris,7/18/20
Friends: Season 9: The One Where Monica Sings,7/18/20
Friends: Season 9: The One with Phoebe's Rats,7/17/20
Friends: Season 9: The One Where Rachel Goes Back to Work,7/17/20
Friends: Season 9: The One with Christmas in Tulsa,7/17/20
Friends: Season 9: The One with Rachel's Phone Number,7/17/20
Friends: Season 9: The One with Rachel's Other Sister,7/16/20
Friends: Season 9: The One with Ross' Inappropriate Song,7/16/20
Friends: Season 9: The One with the Male Nanny,7/16/20
Friends: Season 9: The One with Phoebe's Birthday Dinner,7/15/20
Friends: Season 9: The One with the Sharks,7/15/20
Friends: Season 9: The One with the Pediatrician,7/15/20
Friends: Season 9: The One Where Emma Cries,7/15/20
Friends: Season 9: The One Where No One Proposes,7/15/20
Friends: Season 8: The One Where Rachel Has a Baby: Part 2,7/15/20
Friends: Season 8: The One Where Rachel Has a Baby: Part 1,7/15/20
Friends: Season 8: The One Where Rachel Is Late,7/14/20
Friends: Season 8: The One with the Cooking Class,7/14/20
Friends: Season 8: The One with the Baby Shower,7/14/20
Friends: Season 8: The One with Joey's Interview,7/14/20
Friends: Season 8: The One in Massapequa,7/14/20
Friends: Season 8: The One with the Tea Leaves,7/14/20
Friends: Season 8: The One Where Joey Tells Rachel,7/14/20
Friends: Season 8: The One with the Birthing Video,7/14/20
Friends: Season 8: The One with the Secret Closet,7/9/20
Friends: Season 8: The One Where Chandler Takes a Bath,7/9/20
Friends: Season 8: The One Where Joey Dates Rachel,7/8/20
Friends: Season 8: The One with the Creepy Holiday Card,7/8/20
Friends: Season 8: The One with Monica's Boots,7/8/20
Friends: Season 8: The One with the Rumor,7/7/20
Friends: Season 8: The One with the Stripper,7/7/20
Friends: Season 8: The One with the Stain,7/7/20
Friends: Season 8: The One with the Halloween Party,7/7/20
Friends: Season 8: The One with Rachel's Date,7/7/20
Friends: Season 8: The One with the Videotape,7/7/20
Friends: Season 8: The One Where Rachel Tells ...,7/7/20
Friends: Season 8: The One with the Red Sweater,7/7/20
Friends: Season 7: The One with Chandler and Monica's Wedding: Part 1,7/7/20
Friends: Season 8: The One After I Do,7/7/20
Friends: Season 7: The One with Chandler and Monica's Wedding: Part 2,7/7/20
Friends: Season 7: The One with Chandler's Dad,7/6/20
Friends: Season 7: The One with the Vows,7/6/20
Friends: Season 7: The One with Rachel's Big Kiss,7/6/20
Friends: Season 7: The One with Ross and Monica's Cousin,7/6/20
Friends: Season 7: The One with Joey's Award,7/6/20
Friends: Season 7: The One with the Cheap Wedding Dress,7/6/20
Friends: Season 7: The One with the Truth About London,7/6/20
Friends: Season 7: The One with Joey's New Brain,7/6/20
Friends: Season 7: The One Where They All Turn Thirty,7/6/20
Friends: Season 7: The One Where Rosita Dies,7/6/20
Friends: Season 7: The One Where They're Up All Night,7/5/20
Friends: Season 7: The One with All the Cheesecakes,7/5/20
Friends: Season 7: The One with All the Candy,7/5/20
Friends: Season 7: The One Where Chandler Doesn't Like Dogs,7/5/20
Friends: Season 7: The One with Ross' Library Book,7/5/20
Friends: Season 7: The One with the Nap Partners,7/5/20
Friends: Season 7: The One with the Engagement Picture,7/5/20
Friends: Season 7: The One with Rachel's Assistant,7/5/20
Friends: Season 7: The One with Phoebe's Cookies,7/5/20
Friends: Season 7: The One with Rachel's Book,7/4/20
Friends: Season 7: The One with Monica's Thunder,7/4/20
Friends: Season 6: The One with the Proposal: Part 2,7/4/20
Friends: Season 6: The One with the Proposal: Part 1,7/3/20
Friends: Season 6: The One with the Ring,7/3/20
Friends: Season 6: The One Where Paul's the Man,7/3/20
Friends: Season 6: The One Where Ross Meets Elizabeth's Dad,7/3/20
Friends: Season 6: The One with Mac and C.H.E.E.S.E,7/2/20
Friends: Season 6: The One with Joey's Fridge,7/2/20
Friends: Season 6: The One Where Ross Dates a Student,7/2/20
Friends: Season 6: The One with Unagi,7/1/20
Friends: Season 6: The One That Could Have Been: Part 2,7/1/20
Friends: Season 6: The One That Could Have Been: Part 1,6/30/20
Friends: Season 6: The One Where Chandler Can't Cry,6/30/20
Friends: Season 6: The One with Rachel's Sister,6/30/20
Friends: Season 6: The One with the Joke,6/29/20
Friends: Season 6: The One with the Apothecary Table,6/29/20
Friends: Season 6: The One with the Routine,6/29/20
Friends: Season 6: The One Where Ross Got High,6/29/20
Friends: Season 6: The One with Ross's Teeth,6/29/20
Friends: Season 6: The One Where Phoebe Runs,6/29/20
Friends: Season 6: The One on the Last Night,6/29/20
Friends: Season 6: The One with Joey's Porsche,6/29/20
Friends: Season 6: The One Where Joey Loses His Insurance,6/28/20
Friends: Season 6: The One with Ross's Denial,6/28/20
Friends: Season 6: The One Where Ross Hugs Rachel,6/27/20
Friends: Season 6: The One After Vegas,6/26/20
Friends: Season 5: The One in Vegas: Part 2,6/26/20
Friends: Season 5: The One in Vegas: Part 1,6/26/20
Friends: Season 5: The One with Joey's Big Break,6/25/20
Friends: Season 5: The One with the Ball,6/25/20
Friends: Season 5: The One with the Ride-Along,6/25/20
Friends: Season 5: The One Where Ross Can't Flirt,6/25/20
Friends: Season 5: The One Where Rachel Smokes,6/25/20
Friends: Season 5: The One with Rachel's Inadvertent Kiss,6/24/20
Friends: Season 5: The One with the Cop,6/24/20
Friends: Season 5: The One with the Girl Who Hits Joey,6/24/20
Friends: Season 5: The One Where Everybody Finds Out,6/24/20
Friends: Season 5: The One with Joey's Bag,6/24/20
Friends: Season 5: The One with Chandler's Work Laugh,6/24/20
Friends: Season 5: The One with All the Resolutions,6/24/20
Friends: Season 5: The One with the Inappropriate Sister,6/24/20
Friends: Season 5: The One with Ross's Sandwich,6/24/20
Friends: Season 5: The One with All the Thanksgivings,6/23/20
Friends: Season 5: The One Where Ross Moves In,6/23/20
Friends: Season 5: The One with the Yeti,6/23/20
Friends: Season 5: The One with the Kips,6/23/20
Friends: Season 5: The One Where Phoebe Hates PBS,6/23/20
Friends: Season 5: The One Hundredth,6/23/20
Friends: Season 5: The One with All the Kissing,6/22/20
Friends: Season 5: The One After Ross Says Rachel,6/22/20
Friends: Season 4: The One with Ross's Wedding: Part 2,6/22/20
Friends: Season 4: The One with Ross's Wedding: Part 1,6/22/20
Friends: Season 4: The One with the Worst Best Man Ever,6/22/20
Friends: Season 4: The One with the Invitation,6/22/20
Friends: Season 4: The One with the Wedding Dresses,6/22/20
Friends: Season 4: The One with All the Haste,6/22/20
Friends: Season 4: The One with Rachel's New Dress,6/22/20
Friends: Season 4: The One with the Free Porn,6/22/20
Friends: Season 4: The One with the Fake Party,6/21/20
Friends: Season 4: The One with All the Rugby,6/21/20
Friends: Season 4: The One with Joey's Dirty Day,6/20/20
Friends: Season 4: The One with Rachel's Crush,6/20/20
Friends: Season 4: The One with the Embryos,6/20/20
Friends: Season 4: The One with Phoebe's Uterus,6/20/20
Friends: Season 4: The One with the Girl from Poughkeepsie,6/20/20
Friends: Season 4: The One Where They're Going to Party,6/20/20
Friends: Season 4: The One with Chandler in a Box,6/20/20
Friends: Season 4: The One Where Chandler Crosses the Line,6/20/20
Friends: Season 4: The One with the Dirty Girl,6/20/20
Friends: Season 4: The One with Joey's New Girlfriend,6/20/20
Friends: Season 4: The One with the Ballroom Dancing,6/20/20
Friends: Season 4: The One with the 'Cuffs,6/20/20
Friends: Season 4: The One with the Cat,6/20/20
Friends: Season 4: The One with the Jellyfish,6/19/20
Friends: Season 3: The One at the Beach,6/19/20
Friends: Season 3: The One with the Ultimate Fighting Champion,6/18/20
Friends: Season 3: The One with Ross's Thing,6/18/20
Friends: Season 3: The One with the Screamer,6/18/20
Friends: Season 3: The One with a Chick. And a Duck,6/18/20
Friends: Season 3: The One with the Dollhouse,6/18/20
Friends: Season 3: The One with the Tiny T-Shirt,6/17/20
Friends: Season 3: The One with the Hypnosis Tape,6/17/20
Friends: Season 3: The One Without the Ski Trip,6/17/20
Friends: Season 3: The One The Morning After,6/17/20
Friends: Season 3: The One Where Ross & Rachel Take a Break,6/17/20
Friends: Season 3: The One with Phoebe's Ex-Partner,6/16/20
Friends: Season 3: The One Where Monica & Richard Are Just Friends,6/16/20
Friends: Season 3: The One with All the Jealousy,6/16/20
Friends: Season 3: The One Where Chandler Can't Remember Which Sister,6/15/20
Friends: Season 3: The One Where Rachel Quits,6/15/20
Friends: Season 3: The One with the Football,6/14/20
Friends: Season 3: The One with the Giant Poking Device,6/12/20
Friends: Season 3: The One with the Race Car Bed,6/10/20
Friends: Season 3: The One with Frank Jr,6/10/20
Friends: Season 3: The One with the Metaphorical Tunnel,6/10/20
Friends: Season 3: The One with the Jam,6/9/20
Friends: Season 3: The One Where No One's Ready,6/9/20
Friends: Season 3: The One with the Princess Leia Fantasy,6/9/20
Friends: Season 2: The One with Barry and Mindy's Wedding,6/8/20
Friends: Season 2: The One with the Chicken Pox,6/8/20
Friends: Season 2: The One with the Two Parties,6/8/20
Friends: Season 2: The One with the Bullies,6/8/20
Friends: Season 2: The One Where Old Yeller Dies,6/8/20
Friends: Season 2: The One Where Eddie Won't Go,6/8/20
Friends: Season 2: The One Where Dr. Ramoray Dies,6/7/20
Friends: Season 2: The One Where Eddie Moves In,6/7/20
Friends: Season 2: The One Where Joey Moves Out,6/7/20
Friends: Season 2: The One Where Ross and Rachel...You Know,6/7/20
Friends: Season 2: The One with the Prom Video,6/7/20
Friends: Season 2: The One After the Super Bowl: Part 2,6/7/20
Friends: Season 2: The One After the Super Bowl: Part 1,6/7/20
Friends: Season 2: The One with the Lesbian Wedding,6/6/20
Friends: Season 2: The One with Russ,6/6/20
Friends: Season 2: The One with Phoebe's Dad,6/5/20
Friends: Season 2: The One with the List,6/5/20
Friends: Season 2: The One Where Ross Finds Out,6/5/20
Friends: Season 2: The One with the Baby on the Bus,6/5/20
Friends: Season 2: The One with Five Steaks and an Eggplant,6/4/20
Friends: Season 2: The One with Phoebe's Husband,6/4/20
Friends: Season 2: The One Where Heckles Dies,6/4/20
Friends: Season 2: The One with the Breast Milk,6/3/20
Friends: Season 2: The One with Ross's New Girlfriend,6/3/20
Friends: The One Where Rachel Finds Out,6/3/20
Friends: The One with the Birth,6/2/20
Friends: The One with the Ick Factor,6/2/20
Friends: The One with the Fake Monica,6/2/20
Elizabeth,5/31/20
Meet Joe Black,5/31/20
Fast Five,5/31/20
Homeland: Season 7: Paean to the People,5/30/20
Homeland: Season 7: All In,5/29/20
Homeland: Season 7: Clarity,5/29/20
Homeland: Season 7: Useful Idiot,5/29/20
"Homeland: Season 7: Lies, Amplifiers, Fucking Twitter",5/28/20
Homeland: Season 7: Andante,5/27/20
Homeland: Season 7: Species Jump,5/26/20
Homeland: Season 7: Active Measures,5/25/20
Homeland: Season 7: Like Bad at Things,5/24/20
Homeland: Season 7: Standoff,5/23/20
Homeland: Season 7: Rebel Rebel,5/22/20
Homeland: Season 7: Enemy of the State,5/20/20
Midnight in Paris_hook_primary_16x9,5/19/20
Homeland: Season 6: America First,5/18/20
Bandyta,5/17/20
Sex Education: Season 2: Episode 2,5/16/20
Homeland: Season 6: R for Romeo,5/15/20
Homeland: Season 6: The Flag House,5/15/20
Homeland: Season 6: Sock Puppets,5/15/20
Homeland: Season 6: Alt.Truth,5/14/20
Homeland: Season 6: Imminent Risk,5/14/20
Homeland: Season 6: The Return,5/13/20
Homeland: Season 6: Casus Belli,5/12/20
Homeland: Season 6: A Flash of Light,5/12/20
Homeland: Season 6: The Covenant,5/11/20
Homeland: Season 6: The Man in the Basement,5/11/20
Sex Education: Season 2: Episode 1,5/10/20
Homeland: Season 6: Fair Game,5/8/20
Homeland: Season 5: A False Glimmer,5/8/20
Homeland: Season 5: Our Man in Damascus,5/7/20
Homeland: Season 5: New Normal,5/7/20
Homeland: Season 5: The Litvinov Ruse,5/6/20
Homeland: Season 5: All About Allison,5/6/20
Homeland: Season 5: Oriole,5/6/20
Homeland: Season 5: Parabiosis,5/6/20
Homeland: Season 5: Better Call Saul,5/5/20
Homeland: Season 5: Why Is This Night Different?,5/5/20
Homeland: Season 5: Super Powers,5/5/20
Homeland: Season 5: The Tradition of Hospitality,5/4/20
Homeland: Season 5: Separation Anxiety,5/4/20
Homeland: Season 4: Long Time Coming,5/4/20
Homeland: Season 4: Krieg Nicht Lieb,5/4/20
Homeland: Season 4: 13 Hours in Islamabad,5/3/20
Homeland: Season 4: There's Something Else Going On,5/3/20
Homeland: Season 4: Halfway to a Donut,5/3/20
Homeland: Season 4: Redux,5/3/20
Homeland: Season 4: From A to B and Back Again,5/3/20
Homeland: Season 4: About a Boy,5/3/20
Homeland: Season 4: Iron in the Fire,5/3/20
Homeland: Season 4: Shalwar Kameez,5/3/20
Crazy Rich Asians,5/3/20
Homeland: Season 4: Trylon and Perisphere,5/1/20
Homeland: Season 4: The Drone Queen,5/1/20
Homeland: Season 3: The Star,5/1/20
Homeland: Season 3: Big Man in Tehran,4/30/20
Homeland: Season 3: Good Night,4/30/20
Homeland: Season 3: One Last Thing,4/29/20
Homeland: Season 3: A Red Wheelbarrow,4/29/20
Homeland: Season 3: Gerontion,4/29/20
Homeland: Season 3: Still Positive,4/28/20
Homeland: Season 3: The Yoga Play,4/28/20
Homeland: Season 3: Game On,4/28/20
Homeland: Season 3: Tower of David,4/27/20
Homeland: Season 3: Uh... Oh... Ah...,4/27/20
Homeland: Season 3: Tin Man is Down,4/27/20
Homeland: Season 2: The Choice,4/26/20
Homeland: Season 2: In Memoriam,4/26/20
Homeland: Season 2: Broken Hearts,4/26/20
Homeland: Season 2: Two Hats,4/25/20
Homeland: Season 2: I'll Fly Away,4/25/20
Homeland: Season 2: The Clearing,4/25/20
Homeland: Season 2: A Gettysburg Address,4/25/20
Homeland: Season 2: Q&A,4/25/20
Homeland: Season 2: New Car Smell,4/24/20
Homeland: Season 2: State of Independence,4/24/20
Homeland: Season 2: Beirut Is Back,4/24/20
Homeland: Season 2: The Smile,4/24/20
Homeland: Marine One,4/22/20
Homeland: The Vest,4/22/20
Homeland: Representative Brody,4/22/20
How I Met Your Mother: Season 9: The End of the Aisle,4/22/20
How I Met Your Mother: Season 9: Gary Blauman,4/22/20
How I Met Your Mother: Season 9: Daisy,4/22/20
How I Met Your Mother: Season 9: Vesuvius,4/22/20
How I Met Your Mother: Season 9: Rally,4/22/20
How I Met Your Mother: Season 9: Sunrise,4/22/20
How I Met Your Mother: Season 9: How Your Mother Met Me,4/22/20
Homeland: Crossfire,4/21/20
Homeland: Achilles Heel,4/21/20
Homeland: The Weekend,4/21/20
How I Met Your Mother: Season 9: Unpause,4/21/20
How I Met Your Mother: Season 9: Slapsgiving 3: Slappointment in Slapmarra,4/21/20
How I Met Your Mother: Season 9: Bass Player Wanted,4/21/20
How I Met Your Mother: Season 9: The Rehearsal Dinner,4/21/20
How I Met Your Mother: Season 9: Bedtime Stories,4/21/20
How I Met Your Mother: Season 9: Mom and Dad,4/21/20
Homeland: The Good Soldier,4/20/20
Homeland: Blind Spot,4/20/20
Homeland: Semper I,4/20/20
How I Met Your Mother: Season 9: Platonish,4/20/20
How I Met Your Mother: Season 9: The Lighthouse,4/20/20
How I Met Your Mother: Season 9: No Questions Asked,4/20/20
How I Met Your Mother: Season 9: Knight Vision,4/20/20
How I Met Your Mother: Season 9: The Poker Game,4/20/20
How I Met Your Mother: Season 9: The Broken Code,4/20/20
How I Met Your Mother: Season 9: Last Time in New York,4/20/20
How I Met Your Mother: Season 9: Coming Back,4/20/20
How I Met Your Mother: Season 9: The Locket,4/20/20
Homeland: Clean Skin,4/19/20
Homeland: Grace,4/19/20
Homeland: Pilot,4/19/20
How I Met Your Mother: Season 8: Something New,4/19/20
How I Met Your Mother: Season 8: Something Old,4/19/20
How I Met Your Mother: Season 8: The Bro Mitzvah,4/19/20
How I Met Your Mother: Season 8: Romeward Bound,4/19/20
How I Met Your Mother: Season 8: The Time Travelers,4/18/20
How I Met Your Mother: Season 8: The Fortress,4/18/20
How I Met Your Mother: Season 8: Weekend at Barney's,4/18/20
How I Met Your Mother: Season 8: The Ashtray,4/18/20
How I Met Your Mother: Season 8: Bad Crazy,4/18/20
How I Met Your Mother: Season 8: P.S. I Love You,4/18/20
How I Met Your Mother: Season 8: Ring Up!,4/17/20
Money Heist: The Phenomenon,4/17/20
Money Heist: Part 4: The Paris Plan,4/17/20
How I Met Your Mother: Season 8: Band or DJ?,4/17/20
How I Met Your Mother: Season 8: The Final Page: Part 2,4/17/20
How I Met Your Mother: Season 8: The Final Page: Part 1,4/17/20
How I Met Your Mother: Season 8: The Over-Correction,4/17/20
How I Met Your Mother: Season 8: Lobster Crawl,4/17/20
How I Met Your Mother: Season 8: Twelve Horny Women,4/17/20
How I Met Your Mother: Season 8: The Stamp Tramp,4/16/20
How I Met Your Mother: Season 8: Splitsville,4/16/20
How I Met Your Mother: Season 8: The Autumn of Break-Ups,4/16/20
How I Met Your Mother: Season 8: Who Wants to Be a Godparent?,4/15/20
How I Met Your Mother: Season 8: Nannies,4/15/20
How I Met Your Mother: Season 8: The Pre-Nup,4/15/20
How I Met Your Mother: Season 8: Farhampton,4/15/20
How I Met Your Mother: Season 7: The Magician's Code Part 2,4/15/20
How I Met Your Mother: Season 7: The Magician's Code Part 1,4/15/20
How I Met Your Mother: Season 7: Good Crazy,4/15/20
How I Met Your Mother: Season 7: Now We're Even,4/15/20
How I Met Your Mother: Season 7: Trilogy Time,4/15/20
How I Met Your Mother: Season 7: The Broath,4/14/20
Sense and Sensibility,4/14/20
How I Met Your Mother: Season 7: Karma,4/14/20
How I Met Your Mother: Season 7: No Pressure,4/14/20
Money Heist: Part 4: Strike the Tent,4/14/20
How I Met Your Mother: Season 7: The Drunk Train,4/14/20
How I Met Your Mother: Season 7: The Burning Beekeeper,4/14/20
How I Met Your Mother: Season 7: 46 Minutes,4/14/20
How I Met Your Mother: Season 7: Tailgate,4/14/20
How I Met Your Mother: Season 7: Symphony of Illumination,4/14/20
Money Heist: Part 4: TKO,4/12/20
How I Met Your Mother: Season 7: The Rebound Girl,4/12/20
How I Met Your Mother: Season 7: Tick Tick Tick,4/12/20
Money Heist: Part 4: 5 Minutes Earlier,4/11/20
Money Heist: Part 4: Pasodoble,4/11/20
How I Met Your Mother: Season 7: Disaster Averted,4/10/20
Money Heist: Part 4: Anatomy Lesson,4/9/20
How I Met Your Mother: Season 7: The Slutty Pumpkin Returns,4/9/20
How I Met Your Mother: Season 7: Noretta,4/9/20
How I Met Your Mother: Season 7: Mystery vs. History,4/9/20
How I Met Your Mother: Season 7: Field Trip,4/9/20
How I Met Your Mother: Season 7: The Stinson Missile Crisis,4/9/20
Money Heist: Part 4: Berlin's Wedding,4/9/20
How I Met Your Mother: Season 7: Ducky Tie,4/8/20
How I Met Your Mother: Season 7: The Naked Truth,4/8/20
How I Met Your Mother: Season 7: The Best Man,4/8/20
How I Met Your Mother: Season 6: Challenge Accepted,4/8/20
How I Met Your Mother: Season 6: Landmarks,4/8/20
How I Met Your Mother: Season 6: The Perfect Cocktail,4/7/20
How I Met Your Mother: Season 6: Hopeless,4/7/20
How I Met Your Mother: Season 6: The Exploding Meatball Sub,4/7/20
How I Met Your Mother: Season 6: Legendaddy,4/7/20
How I Met Your Mother: Season 6: A Change of Heart,4/7/20
How I Met Your Mother: Season 6: Garbage Island,4/7/20
How I Met Your Mother: Season 6: Desperation Day,4/7/20
How I Met Your Mother: Season 6: Oh Honey,4/7/20
How I Met Your Mother: Season 6: Last Words,4/6/20
Money Heist: Part 4: Game Over,4/6/20
How I Met Your Mother: Season 6: Bad News,4/6/20
How I Met Your Mother: Season 6: False Positive,4/6/20
How I Met Your Mother: Season 6: The Mermaid Theory,4/6/20
How I Met Your Mother: Season 6: Blitzgiving,4/5/20
How I Met Your Mother: Season 6: Glitter,4/5/20
How I Met Your Mother: Season 6: Natural History,4/4/20
How I Met Your Mother: Season 6: Canning Randy,4/4/20
How I Met Your Mother: Season 6: Baby Talk,4/4/20
How I Met Your Mother: Season 6: Architect of Destruction,4/4/20
How I Met Your Mother: Season 6: Subway Wars,4/4/20
How I Met Your Mother: Season 6: Unfinished,4/4/20
How I Met Your Mother: Season 6: Cleaning House,4/3/20
How I Met Your Mother: Season 6: Big Days,4/3/20
How I Met Your Mother: Season 5: Doppelgangers,4/3/20
How I Met Your Mother: Season 5: The Wedding Bride,4/3/20
How I Met Your Mother: Season 5: Robots Vs. Wrestlers,4/3/20
365 Days,4/2/20
How I Met Your Mother: Season 5: Twin Beds,4/2/20
How I Met Your Mother: Season 5: Home Wreckers,4/2/20
How I Met Your Mother: Season 5: Zoo or False,4/2/20
How I Met Your Mother: Season 5: Say Cheese,4/2/20
How I Met Your Mother: Season 5: Of Course,4/2/20
How I Met Your Mother: Season 5: Hooked,4/1/20
How I Met Your Mother: Season 5: Rabbit or Duck,4/1/20
How I Met Your Mother: Season 5: Perfect Week,4/1/20
How I Met Your Mother: Season 5: Jenkins,4/1/20
How I Met Your Mother: Season 5: Girls Vs. Suits,4/1/20
How I Met Your Mother: Season 5: Last Cigarette Ever,4/1/20
How I Met Your Mother: Season 5: The Window,4/1/20
How I Met Your Mother: Season 5: Slapsgiving 2: Revenge of the Slap,4/1/20
How I Met Your Mother: Season 5: The Playbook,4/1/20
How I Met Your Mother: Season 5: The Rough Patch,3/31/20
How I Met Your Mother: Season 5: Bagpipes,3/31/20
How I Met Your Mother: Season 5: Duel Citizenship,3/31/20
How I Met Your Mother: Season 5: The Sexless Innkeeper,3/31/20
How I Met Your Mother: Season 5: Robin 101,3/31/20
How I Met Your Mother: Season 5: Double Date,3/30/20
How I Met Your Mother: Season 5: Definitions,3/30/20
How I Met Your Mother: Season 4: The Leap,3/29/20
How I Met Your Mother: Season 4: As Fast as She Can,3/29/20
How I Met Your Mother: Season 4: Right Place Right Time,3/29/20
How I Met Your Mother: Season 4: The Three Days Rule,3/29/20
How I Met Your Mother: Season 4: Mosbius Designs,3/29/20
How I Met Your Mother: Season 4: Murtaugh,3/29/20
How I Met Your Mother: Season 4: Old King Clancy,3/28/20
How I Met Your Mother: Season 4: The Front Porch,3/28/20
"How I Met Your Mother: Season 4: Sorry, Bro",3/28/20
How I Met Your Mother: Season 4: The Stinsons,3/28/20
How I Met Your Mother: Season 4: Possimpible,3/28/20
How I Met Your Mother: Season 4: Three Days of Snow,3/27/20
How I Met Your Mother: Season 4: Benefits,3/27/20
How I Met Your Mother: Season 4: Little Minnesota,3/27/20
How I Met Your Mother: Season 4: The Fight,3/27/20
How I Met Your Mother: Season 4: The Naked Man,3/26/20
How I Met Your Mother: Season 4: Woooo!,3/26/20
How I Met Your Mother: Season 4: Not a Father's Day,3/26/20
How I Met Your Mother: Season 4: Happily Ever After,3/26/20
How I Met Your Mother: Season 4: Shelter Island,3/26/20
How I Met Your Mother: Season 4: Intervention,3/26/20
How I Met Your Mother: Season 4: I Heart NJ,3/26/20
How I Met Your Mother: Season 4: The Best Burger in New York,3/26/20
How I Met Your Mother: Season 4: Do I Know You?,3/26/20
How I Met Your Mother: Season 3: Miracles,3/26/20
How I Met Your Mother: Season 3: Everything Must Go,3/26/20
How I Met Your Mother: Season 3: Rebound Bro,3/25/20
How I Met Your Mother: Season 3: The Goat,3/25/20
How I Met Your Mother: Season 3: Sandcastles in the Sand,3/25/20
How I Met Your Mother: Season 3: The Chain of Screaming,3/25/20
How I Met Your Mother: Season 3: The Bracket,3/25/20
How I Met Your Mother: Season 3: Ten Sessions,3/25/20
How I Met Your Mother: Season 3: No Tomorrow,3/25/20
How I Met Your Mother: Season 3: The Platinum Rule,3/25/20
How I Met Your Mother: Season 3: The Yips,3/25/20
How I Met Your Mother: Season 3: Slapsgiving,3/25/20
How I Met Your Mother: Season 3: Spoiler Alert,3/25/20
How I Met Your Mother: Season 3: Dowisetrepla,3/25/20
How I Met Your Mother: Season 3: I'm Not That Guy,3/24/20
How I Met Your Mother: Season 3: How I Met Everyone Else,3/24/20
How I Met Your Mother: Season 3: Little Boys,3/24/20
How I Met Your Mother: Season 3: Third Wheel,3/24/20
How I Met Your Mother: Season 3: We're Not From Here,3/24/20
How I Met Your Mother: Season 3: Wait for It,3/24/20
How I Met Your Mother: Season 2: Something Blue,3/24/20
How I Met Your Mother: Season 2: Something Borrowed,3/24/20
How I Met Your Mother: Season 2: Showdown,3/24/20
How I Met Your Mother: Season 2: Bachelor Party,3/23/20
How I Met Your Mother: Season 2: Moving Day,3/23/20
"How I Met Your Mother: Season 2: Arrivederci, Fiero",3/23/20
How I Met Your Mother: Season 2: Stuff,3/23/20
How I Met Your Mother: Season 2: Lucky Penny,3/23/20
How I Met Your Mother: Season 2: Monday Night Football,3/23/20
How I Met Your Mother: Season 2: Columns,3/23/20
How I Met Your Mother: Season 2: First Time in New York,3/23/20
How I Met Your Mother: Season 2: How Lily Stole Christmas,3/22/20
How I Met Your Mother: Season 2: Single Stamina,3/22/20
How I Met Your Mother: Season 2: Slap Bet,3/22/20
How I Met Your Mother: Season 2: Atlantic City,3/22/20
How I Met Your Mother: Season 2: Swarley,3/22/20
How I Met Your Mother: Season 2: Aldrin Justice,3/22/20
How I Met Your Mother: Season 2: World's Greatest Couple,3/22/20
How I Met Your Mother: Season 2: Ted Mosby: Architect,3/22/20
How I Met Your Mother: Season 2: Brunch,3/22/20
How I Met Your Mother: Season 2: The Scorpion and the Toad,3/21/20
How I Met Your Mother: Season 2: Where Were We?,3/21/20
How I Met Your Mother: Come On,3/21/20
How I Met Your Mother: Milk,3/21/20
How I Met Your Mother: Best Prom Ever,3/21/20
How I Met Your Mother: Mary the Paralegal,3/21/20
How I Met Your Mother: Nothing Good Happens After 2 A.M.,3/21/20
How I Met Your Mother: The Slutty Pumpkin,3/21/20
How I Met Your Mother: Okay Awesome,3/20/20
How I Met Your Mother: Return of the Shirt,3/20/20
How I Met Your Mother: The Sweet Taste of Liberty,3/20/20
How I Met Your Mother: Purple Giraffe,3/20/20
You: Season 2: A Fresh Start,3/19/20
You: Season 1: Bluebeard's Castle,3/19/20
You: Season 1: Candace,3/18/20
"You: Season 1: You Got Me, Babe",3/18/20
You: Season 1: Everythingship,3/17/20
Sherlock: Series 4: The Six Thatchers,3/15/20
You: Season 1: Amour Fou,3/14/20
Kobieta sukcesu,3/13/20
You: Season 1: Living with the Enemy,3/12/20
You: Season 1: The Captain,3/12/20
You: Season 1: Maybe,3/10/20
You: Season 1: The Last Nice Guy in New York,3/10/20
Friends: The One with the Evil Orthodontist,3/10/20
You: Season 1: Pilot,3/9/20
Lolita,3/3/20
Sherlock: Series 3: The Abominable Bride,2/22/20
The Witcher: Season 1: Much More,2/17/20
The Witcher: Season 1: Before a Fall,2/12/20
The Witcher: Season 1: Rare Species,2/12/20
The Witcher: Season 1: Bottled Appetites,2/12/20
"The Witcher: Season 1: Of Banquets, Bastards and Burials",2/11/20
The Witcher: Season 1: Betrayer Moon,2/8/20
The Witcher: Season 1: Four Marks,2/8/20
The Witcher: Season 1: The End’s Beginning,2/8/20
Sherlock: Series 3: His Last Vow,1/11/20
Sherlock: Series 2: A Scandal in Belgravia,1/11/20
Hitch,1/11/20
Eternal Sunshine of the Spotless Mind,1/11/20
Phantom Thread,1/9/20
Marriage Story,1/8/20
Sherlock: The Great Game,1/2/20
Sherlock: The Blind Banker,12/30/19
Lost in Space: Season 2: Shipwrecked,12/26/19
"Lost in Space: Season 1: Danger, Will Robinson",12/26/19
Friends with Benefits,12/16/19
The Holiday,12/15/19
Dirty Dancing,12/13/19
ROMA,12/13/19
The End of the F***ing World: Season 2: Episode 8,12/12/19
The Irishman,12/10/19
The End of the F***ing World: Season 2: Episode 7,12/3/19
Focus,12/3/19
The End of the F***ing World: Season 2: Episode 6,12/3/19
The End of the F***ing World: Season 2: Episode 5,11/25/19
The End of the F***ing World: Season 2: Episode 4,11/22/19
The End of the F***ing World: Season 2: Episode 3,11/21/19
Legends of the Fall,11/19/19
The End of the F***ing World: Season 2: Episode 2,11/19/19
The Light Between Oceans,11/14/19
The End of the F***ing World: Season 2: Episode 1,11/13/19
V for Vendetta,11/12/19
Big Fish,11/9/19
Seven Years in Tibet,11/6/19
Money Heist: Part 1: Episode 2,11/5/19
Money Heist: Part 1: Episode 1,11/5/19
Birdman or (The Unexpected Virtue of Ignorance),11/2/19
American Hustle,11/2/19
To Rome With Love,10/27/19
The Curious Case of Benjamin Button,10/25/19
Irrational Man,10/22/19
GoodFellas,10/19/19
Eat Pray Love,10/12/19
The Disaster Artist,10/8/19
 ,9/23/19
The Departed,9/17/19
Sherlock: Series 4: The Lying Detective,9/17/19
The Wolf of Wall Street,9/6/19
Rick and Morty: Season 2: Look Who's Purging Now,8/28/19
Money Heist: Part 3: Astray,8/13/19
Money Heist: Part 3: A Quick Vacation,8/3/19
Bad Boys II,8/2/19
Money Heist: Part 3: Everything Seemed Insignificant,7/31/19
Money Heist: Part 3: It's Dolphin Time,7/31/19
Money Heist: Part 3: We're Back,7/28/19
"Money Heist: Part 3: Boom, Boom, Ciao",7/28/19
The Art of Loving,7/26/19
Money Heist: Part 3: 48 Meters Underground,7/26/19
Money Heist: Part 3: Aikido,7/23/19
Easy A,7/19/19
The Italian Job,7/17/19
Mama,7/14/19
Rick and Morty: Season 2: Interdimensional Cable 2: Tempting Fate,7/11/19
Wanted,7/11/19
The Dark Knight,7/11/19
You Don't Mess with the Zohan,7/8/19
Rick and Morty: Season 2: Big Trouble in Little Sanchez,6/28/19
John Wick: Chapter 2,5/27/19
BoJack Horseman: Season 2: Yesterdayland,5/23/19
Sherlock: Series 4: The Final Problem,5/23/19
John Wick,5/22/19
BoJack Horseman: Season 2: Brand New Couch,5/22/19
BoJack Horseman: Season 1: Later,5/19/19
